Area,1980,1981,1982,1983,1984,1985,1986,1987,1988,1989,1990,1991,1992,1993,1994,1995,1996,1997,1998,1999,2000,2001,2002,2003,2004,2005,2006,2007,2008,2009,2010,2011,2012,2013,2014,2015,2016
Albania,0,0,0,0,0,0,0,0,0,0,0,0,0.1738987,0.1701636,0.1514885,0.1474823,0.1325863,0.1342089,0.1128052,0.1101681,0.1101572,0.1191798,0.1310575,0.132555,0.1338018,0.145109,0.1547974,0.1729531,0.2053943,0.2025563,0.2097644,0.2125782,0.2143205,0.2158128,0.214515,0.2082224,0.2099448
Algeria,0.1490842,0.1526116,0.1601682,0.1623837,0.1641905,0.165171,0.1671748,0.1659963,0.1669343,0.1619751,0.1551574,0.1442446,0.1442446,0.1339723,0.1420746,0.1383983,0.1341601,0.1395538,0.1480141,0.1332359,0.1490473,0.1389013,0.14201,0.1474417,0.1377654,0.1327709,0.1396002,0.1328555,0.1487109,0.1465723,0.1505087,0.1470439,0.1464077,0.1453752,0.1491679,0.150912,0.153978
Angola,0,0,0,0,0,0,0,0,0,0,0,0,0,0,0,0.1982397,0.2019138,0.1954132,0.1998591,0.1255045,0.1192042,0.1086254,0.119974,0.1169545,0.1196018,0.1166401,0.1322243,0.1451328,0.1567474,0.1626946,0.1533239,0.1399536,0.1406703,0.1501683,0.1446221,0.1536517,0.1660821
Antigua and Barbuda,0.1668723,0.1623628,0.1476374,0.1619257,0.1851025,0.216275,0.2057549,0.2368625,0.2520275,0.2384225,0.2799855,0.2403732,0.2344774,0.2164467,0.2017401,0.2313321,0.2191651,0.2427614,0.2536842,0.2618084,0.2680883,0.2638054,0.2646427,0.2808437,0.2718536,0.2915256,0.2885661,0.2779703,0.3037544,0.3182488,0.3264982,0.3256234,0.3386341,0.3332738,0.3215009,0.3106183,0.3024271
Argentina,0.2057995,0.2090891,0.2472371,0.2060962,0.2275592,0.2045709,0.1881659,0.2003785,0.3354777,0.2529476,0.2669067,0.255256,0.3570066,0.4013959,0.4266888,0.3806088,0.3780111,0.3882407,0.3744171,0.3210104,0.3295186,0.2688977,0.2981547,0.2893221,0.3191575,0.3484574,0.3723755,0.3796896,0.3620293,0.3476354,0.3055303,0.3133783,0.3145103,0.3214644,0.3241922,0.3214121,0.3376576
"Armenia, Republic of",0,0,0,0,0,0,0,0,0,0,0,0,0,0.1051105,0.1277752,0.126169,0.0947582,0.1141204,0.1038315,0.1287292,0.1345665,0.1274438,0.1468042,0.1215097,0.1228585,0.1165801,0.140877,0.1486746,0.1583357,0.1741848,0.1827962,0.2016628,0.2203895,0.2276534,0.2380808,0.2457812,0.2474243
Aruba,0,0,0,0,0,0,0.3093676,0.3475969,0.3554199,0.3459993,0.3412076,0.3332998,0.3152016,0.2889238,0.2566128,0.2716039,0.2789662,0.2802401,0.2717367,0.2592108,0.2882769,0.281064,0.2647071,0.2522708,0.265964,0.2583839,0.2832736,0.2607873,0.2648283,0.2748635,0.2837668,0.2841471,0.2937953,0.2931483,0.2975945,0.2944303,0.2969165
Australia,0.2901072,0.2940575,0.3175415,0.3574631,0.4237353,0.4895056,0.5284613,0.5933496,0.5180587,0.5135087,0.5082236,0.4825516,0.4632919,0.5490267,0.6019404,0.59356,0.6426208,0.6664943,0.7026195,0.7583794,0.8158872,0.8493206,0.8615867,0.8566009,0.8667871,0.8789465,0.896282,0.948395,0.8702919,0.8826878,0.8945864,0.8995471,0.8564665,0.8432915,0.8439841,0.8568109,0.8541623
Austria,0.3259691,0.3430234,0.3428853,0.3525912,0.3564904,0.4097626,0.3996018,0.4036489,0.426446,0.5604975,0.5881191,0.4960595,0.4691034,0.5237064,0.5622409,0.5578597,0.5494593,0.5948917,0.6810363,0.6080354,0.6298795,0.6033471,0.6063551,0.639046,0.6719026,0.6927506,0.7230565,0.7457958,0.7713819,0.6869145,0.6838537,0.6738458,0.6505266,0.6456865,0.628451,0.6249098,0.6375566
"Azerbaijan, Republic of",0,0,0,0,0,0,0,0,0,0,0,0,0.1369385,0.1259707,0.1226676,0.0852069,0.084309,0.0709723,0.0798444,0.0816104,0.0815999,0.0907558,0.0961551,0.1083833,0.1402932,0.1386465,0.1422573,0.1438738,0.1474203,0.1590991,0.1563068,0.1566985,0.1733785,0.1737878,0.1709415,0.1900404,0.1832757
"Bahamas, The",0.3517015,0.3654451,0.3647638,0.3582803,0.3562589,0.3496149,0.3599905,0.3692531,0.3879576,0.4067115,0.4352107,0.4598663,0.4588507,0.4443919,0.4332192,0.458165,0.4522446,0.4515602,0.4505283,0.4480478,0.4528081,0.4804877,0.497952,0.488867,0.4735996,0.4611156,0.4513395,0.4782279,0.4744717,0.4706754,0.4911613,0.4694147,0.456144,0.4603598,0.4388043,0.4245231,0.4177298
"Bahrain, Kingdom of",0.2586077,0.2576909,0.2376786,0.2544686,0.2556802,0.2527612,0.2829455,0.3030165,0.2954514,0.2939276,0.3089622,0.3222241,0.3110104,0.3130579,0.3255622,0.3209274,0.3334216,0.41712,0.4417534,0.4122635,0.3822381,0.3748788,0.3645262,0.3658207,0.417981,0.4598789,0.4472948,0.4344192,0.4083785,0.3829732,0.432652,0.3882966,0.4167918,0.3975534,0.4341469,0.3988281,0.3734036
Bangladesh,0.1267806,0.1305586,0.1334376,0.1378201,0.1437757,0.1483771,0.147938,0.1271865,0.1281549,0.1294304,0.1302159,0.1320487,0.1285586,0.1162208,0.1268017,0.1270289,0.1402206,0.1521373,0.2035876,0.220704,0.191618,0.1697228,0.1640719,0.1429816,0.1424778,0.1421773,0.124798,0.1358121,0.1720902,0.1772742,0.1902833,0.182082,0.1654011,0.1802664,0.1792802,0.1805895,0.1793197
Barbados,0.2948197,0.3206654,0.3123468,0.3078337,0.2910958,0.2980404,0.3011076,0.3161694,0.3341096,0.333752,0.3037449,0.3125844,0.2985582,0.3115387,0.3277549,0.3428047,0.3409547,0.3482954,0.3560092,0.3462268,0.353691,0.36981,0.4514152,0.4139204,0.432906,0.4296497,0.4654489,0.4062023,0.3965312,0.4068927,0.4332005,0.4536233,0.4730975,0.5072037,0.5236862,0.5033091,0.4847586
Belarus,0,0,0,0,0,0,0,0,0,0,0,0,0,0.1350991,0.1117991,0.0607626,0.0303209,0.0662476,0.1088598,0.0530448,0.0755056,0.1024598,0.0902295,0.0865988,0.1117336,0.1463053,0.1362055,0.1915022,0.2077058,0.2140322,0.1986541,0.1399878,0.1636136,0.1656452,0.1697827,0.1760766,0.1789536
Belgium,0.2770427,0.2784104,0.2993781,0.3121756,0.3217351,0.3478858,0.3784414,0.4242658,0.4278138,0.4395078,0.4228086,0.4286204,0.4252682,0.4481478,0.4650191,0.4476968,0.457722,0.4916919,0.5203738,0.5368212,0.5297624,0.5343407,0.5104257,0.5186402,0.5546259,0.573691,0.6074762,0.6519983,0.6607381,0.5881955,0.5713558,0.570144,0.5600712,0.5844042,0.5645133,0.6116943,0.5801436
Belize,0.1762934,0.1976519,0.2147461,0.226044,0.2293547,0.2432606,0.250734,0.2155371,0.1892985,0.1918974,0.1931373,0.200497,0.1926637,0.190405,0.1910598,0.1915335,0.1716576,0.1799913,0.18296,0.1912394,0.1966656,0.1735348,0.1843697,0.1965195,0.2001548,0.1997838,0.2146896,0.2239123,0.232926,0.2298758,0.2386895,0.2102698,0.2118411,0.21274,0.2100866,0.2090859,0.2062022
Benin,0.0915074,0.0957759,0.1018392,0.109947,0.1017485,0.1055029,0.1022931,0.0947231,0.0957879,0.0874547,0.0841245,0.0805352,0.0768954,0.0644391,0.0810973,0.113825,0.1153678,0.1152179,0.1158832,0.114919,0.1130454,0.1170713,0.111897,0.1047341,0.1120352,0.1163074,0.1114453,0.1162553,0.120195,0.1189713,0.1226056,0.1262258,0.115751,0.1330359,0.142872,0.1390421,0.1455742
Bhutan,0,0,0.1448067,0.1448067,0.1460712,0.1491783,0.153297,0.1531168,0.1544344,0.1578795,0.157496,0.1600461,0.1581696,0.1584684,0.1657788,0.1698306,0.166012,0.1632663,0.164579,0.1553999,0.1569446,0.164691,0.168965,0.1581952,0.1598135,0.1570707,0.1565417,0.1606154,0.1594787,0.1597104,0.177403,0.1919695,0.1739213,0.1912944,0.1940363,0.1967605,0.2041961
Bolivia,0.1544487,0.138996,0.1433841,0.1310692,0.1500645,0.1251618,0.1081875,0.1106529,0.1224871,0.1173357,0.0981845,0.104585,0.11245,0.1108706,0.1208055,0.1140834,0.1115644,0.1100703,0.1187001,0.1375153,0.1311467,0.1264766,0.1321177,0.1591546,0.1692586,0.1621654,0.1860142,0.173458,0.1786704,0.1840037,0.1860664,0.197546,0.204039,0.2108942,0.2286583,0.23756,0.2498779
Bosnia and Herzegovina,0,0,0,0,0,0,0,0,0,0,0,0,0,0,0,0.1836878,0.2135047,0.1387255,0.1427233,0.1555871,0.1490454,0.1380882,0.1658046,0.1566925,0.1937978,0.2195347,0.2342301,0.2526616,0.2511765,0.2580023,0.2442013,0.2522402,0.2559807,0.2572522,0.2699738,0.266133,0.2649429
Botswana,0.1154794,0.1362764,0.1019988,0.1203002,0.1002595,0.0849676,0.1069589,0.0831128,0.0766786,0.0818073,0.1281274,0.1651089,0.1726132,0.1747637,0.1774674,0.1738787,0.179959,0.1911703,0.202673,0.193713,0.1982722,0.2165028,0.2120085,0.216672,0.2224307,0.2304191,0.2370557,0.2636673,0.2680733,0.2812829,0.2773524,0.2658978,0.2667131,0.2652435,0.2622969,0.2708717,0.2744751
Brazil,0.252578,0.2248387,0.2086785,0.2287422,0.2071097,0.193301,0.1821736,0.1613915,0.1969036,0.2507792,0.175614,0.2308741,0.2799821,0.4223408,0.4199857,0.3480134,0.3834608,0.4626588,0.4028071,0.39682,0.404924,0.4136524,0.4132122,0.428352,0.4539141,0.4793612,0.5046017,0.5655363,0.6067414,0.5625331,0.5777862,0.5727826,0.5933176,0.5881127,0.5962707,0.6087538,0.5709821
Brunei Darussalam,0,0,0,0,0,0,0.0817299,0.0817299,0.0817299,0.0817299,0.0817299,0.0817299,0.0817299,0.0817299,0.0817299,0.3846258,0.3478833,0.3413941,0.3204073,0.3228492,0.3021742,0.3175004,0.3183915,0.3041997,0.2892296,0.3030915,0.296957,0.3088933,0.3166819,0.3379432,0.3319923,0.3254908,0.336805,0.3419169,0.3353501,0.3443405,0.343711
Bulgaria,0,0,0,0,0,0,0,0,0,0.0021787,0.0021787,0.3588896,0.3448792,0.3080784,0.2845649,0.2340037,0.4010652,0.4078873,0.3610939,0.223164,0.2332172,0.3573309,0.2810891,0.2630277,0.2988383,0.3183651,0.3593004,0.4197837,0.3871452,0.3762066,0.3692669,0.3666215,0.3674152,0.3741348,0.361143,0.3687893,0.3779879
Burkina Faso,0.1151673,0.1156252,0.1156592,0.1277815,0.1249929,0.1259007,0.1249778,0.1178273,0.1173876,0.1154118,0.1131825,0.1089179,0.1073991,0.108488,0.1077272,0.1096154,0.1148065,0.1160328,0.1189849,0.0965164,0.0986205,0.1050086,0.1095217,0.1043784,0.1002516,0.1027532,0.0966228,0.1035392,0.0794288,0.0807236,0.0978841,0.0959242,0.1151975,0.1200009,0.130999,0.1340669,0.1420821
Burundi,0.0958769,0.1159911,0.1194584,0.1140946,0.1128429,0.1124256,0.1194159,0.0711193,0.0725506,0.0733751,0.0746726,0.0767127,0.0763892,0.0784891,0.080932,0.0916915,0.0944197,0.0869842,0.0945865,0.1091243,0.0996425,0.0860126,0.1052903,0.1013547,0.1000311,0.0899553,0.0747463,0.0812678,0.0893447,0.1054708,0.1211117,0.1179465,0.1200402,0.1356916,0.1379645,0.1378743,0.1499269
Cabo Verde,0.1916561,0.1941784,0.1808587,0.1755875,0.1451693,0.150021,0.1454485,0.149698,0.1541701,0.1576841,0.1645922,0.1631102,0.1641448,0.1696139,0.1608783,0.1453436,0.1558564,0.1528601,0.1618504,0.1499998,0.1596988,0.1599287,0.1589766,0.1573843,0.1619686,0.1672425,0.186082,0.2026281,0.2198928,0.225465,0.243029,0.2461206,0.2540583,0.25304,0.2516159,0.252977,0.2578382
Cambodia,0,0,0,0,0,0,0,0,0,0,0,0,0,0.057419,0.0643479,0.065594,0.0718282,0.0785227,0.0790065,0.0777133,0.0749149,0.0405036,0.0823107,0.0901078,0.0857539,0.0787444,0.0867359,0.0976004,0.1001651,0.0991455,0.1102527,0.1157979,0.1234356,0.1283654,0.136556,0.1419175,0.1460102
Cameroon,0.1231259,0.1242434,0.1243012,0.1109647,0.107041,0.105406,0.1138594,0.1177983,0.1132316,0.1028924,0.0963451,0.0775345,0.075508,0.0741412,0.0759128,0.0857441,0.0843453,0.0863841,0.0631828,0.0765346,0.0780946,0.0869992,0.1036605,0.0699974,0.0786431,0.0903263,0.091789,0.0981417,0.1025729,0.0959657,0.0975558,0.0986912,0.0960144,0.1089183,0.0961267,0.1021586,0.1272798
Canada,0.4209749,0.4175775,0.4233888,0.4046501,0.4291172,0.469619,0.5044627,0.5218135,0.5004973,0.5108916,0.4820568,0.5077294,0.5167003,0.5915028,0.6113718,0.6277441,0.6677399,0.73127,0.7492669,0.7494022,0.786645,0.7768257,0.7339672,0.7422551,0.7614705,0.7876904,0.8083122,0.8280035,0.8390747,0.8748147,0.8293921,0.865844,0.8639637,0.864331,0.8660799,0.8670362,0.8621565
Central African Republic,0.1029065,0.1050449,0.1063851,0.1012295,0.1001333,0.0984537,0.1008849,0.104682,0.0983456,0.0920409,0.0824523,0.0544992,0.0542724,0.0569788,0.0580467,0.0631219,0.0633758,0.0558141,0.0759856,0.0733489,0.0566065,0.0553598,0.0643046,0.068976,0.0750213,0.0808704,0.0716483,0.0525709,0.0592503,0.0655973,0.0774718,0.0798923,0.0598984,0.0598919,0.0598317,0.0591238,0.05922
Chad,0.1609071,0.1566459,0.1553021,0.1505537,0.151507,0.1543942,0.1604546,0.1631144,0.1483493,0.1421064,0.134351,0.1201643,0.1217504,0.1224328,0.122836,0.12515,0.0967473,0.0888396,0.1035249,0.0958471,0.0949173,0.0975755,0.0941078,0.0894048,0.0750292,0.0826592,0.0856223,0.0724582,0.0821432,0.080447,0.1057837,0.0870672,0.100207,0.0970358,0.1239255,0.1246555,0.1266682
Chile,0.2215952,0.2062637,0.2116305,0.2109636,0.2479918,0.2750366,0.28628,0.2629056,0.2824512,0.2581391,0.2714309,0.319583,0.3092199,0.3315242,0.3548044,0.3741922,0.3463517,0.3788075,0.3608171,0.3921388,0.3901882,0.4060099,0.4080452,0.4588391,0.4757698,0.4939225,0.4833504,0.5223159,0.5132017,0.5313586,0.5115802,0.5120361,0.4955128,0.5109392,0.5023032,0.4698123,0.4665055
"China, P.R.: Hong Kong",0.2978312,0.3043913,0.2957218,0.3248795,0.3664979,0.4636509,0.551505,0.6362144,0.5444145,0.5946077,0.5688304,0.5545312,0.604121,0.6347144,0.6640791,0.5992291,0.6270171,0.7738517,0.6934575,0.6978794,0.7095263,0.7392522,0.7108936,0.732361,0.7529942,0.7295375,0.7226321,0.7415978,0.7932836,0.7327527,0.7380257,0.7529946,0.7197752,0.7279239,0.7287232,0.7681165,0.7334458
"China, P.R.: Macao",0,0,0,0,0.3433906,0.3913678,0.3819349,0.3586017,0.3645642,0.3708683,0.3823267,0.3651583,0.365795,0.3851502,0.3427581,0.3338208,0.3277304,0.3360874,0.3322932,0.3370615,0.3313981,0.3449541,0.3470815,0.3392487,0.3218251,0.3144739,0.3282812,0.3480266,0.3654594,0.3673914,0.389188,0.3580644,0.3591417,0.3939082,0.405199,0.4321465,0.4363377
"China, P.R.: Mainland",0,0,0.3515568,0.3515568,0.3515568,0.352815,0.3604148,0.3615019,0.3525356,0.3383757,0.3438612,0.3413709,0.3578279,0.3690042,0.3638592,0.3591146,0.3843649,0.4007252,0.3944595,0.4070182,0.4343574,0.3700348,0.3581857,0.3969769,0.4449997,0.4411077,0.4888312,0.5381277,0.5065834,0.5392604,0.5416484,0.5408119,0.5567483,0.5668731,0.601617,0.6331421,0.6513166
Colombia,0.1791189,0.1854285,0.1883954,0.1980621,0.2011263,0.1924006,0.1700744,0.155616,0.160977,0.1638925,0.173921,0.1562735,0.157007,0.1691118,0.1928829,0.1899757,0.1780654,0.219417,0.2148252,0.2293843,0.197814,0.2206603,0.2314202,0.2517963,0.26974,0.3236215,0.3471603,0.3289792,0.3717823,0.3944846,0.3931558,0.4000443,0.4303425,0.4283505,0.4300256,0.4400218,0.4423328
Comoros,0,0,0.0266374,0.0288381,0.0300779,0.0275966,0.0279361,0.0304257,0.0318419,0.0321044,0.0344956,0.0352915,0.0363145,0.036149,0.0370303,0.0379296,0.0372898,0.0392261,0.0415567,0.0495119,0.0379345,0.0370601,0.03802,0.0411796,0.0450491,0.0427015,0.0425501,0.0444369,0.045088,0.0439431,0.0446429,0.051305,0.0515708,0.0526858,0.0533066,0.0543407,0.0554198
"Congo, Democratic Republic of",0,0,0,0,0,0,0,0,0,0,0,0.0979606,0.1025016,0.1084039,0.1116972,0.0361892,0.0458047,0.022781,0.0961329,0.0188285,0.0237072,0.0805554,0.0394766,0.0370242,0.0428563,0.0489419,0.0534461,0.0439054,0.040287,0.0398049,0.03465,0.0380325,0.0391608,0.0406792,0.0501578,0.0486746,0.0525876
"Congo, Republic of",0.1136406,0.1192506,0.1237304,0.1255151,0.1279683,0.1436305,0.1497573,0.1479321,0.1303787,0.1202935,0.0888606,0.05459,0.0577027,0.059743,0.0612469,0.0510645,0.0482972,0.0245814,0.1017796,0.0240797,0.035664,0.0969063,0.053866,0.0671444,0.0513474,0.0460087,0.0479329,0.0502575,0.0410673,0.061051,0.0515191,0.0509425,0.0589137,0.0617179,0.0814864,0.1036512,0.1063062
Costa Rica,0.3115632,0.2883195,0.2538338,0.2659317,0.2619985,0.2452208,0.2319358,0.1964696,0.1650845,0.1598928,0.1747604,0.1364233,0.1343156,0.1425845,0.1368525,0.1442232,0.1651546,0.1714356,0.1867342,0.2043408,0.1779345,0.1925445,0.2115237,0.2268706,0.184405,0.1930559,0.2049665,0.2260123,0.2237959,0.2298322,0.2194839,0.2365652,0.2396217,0.2753993,0.2904645,0.2785475,0.2749437
Cote d'Ivoire,0.1875147,0.1890332,0.1884178,0.1982142,0.1914278,0.1892586,0.1873805,0.185433,0.1847938,0.1804601,0.1829109,0.1791891,0.1751856,0.1640332,0.1670005,0.1542142,0.1699151,0.1698544,0.1597768,0.1772461,0.1717449,0.1597542,0.1556924,0.1476534,0.1602167,0.1589542,0.176105,0.1860064,0.1843911,0.1812428,0.1945755,0.1780246,0.1883291,0.2038877,0.2098097,0.2194288,0.2323907
Croatia,0,0,0,0,0,0,0,0,0,0,0,0,0.1616523,0.1823821,0.1792209,0.2098796,0.1947357,0.2321491,0.2228652,0.2401386,0.248135,0.2598017,0.2845223,0.2862193,0.321126,0.3261951,0.3965518,0.4430369,0.3807297,0.3932711,0.3983907,0.4014052,0.4114116,0.4062027,0.4079744,0.399701,0.4113067
Cyprus,0.3774789,0.3755632,0.3746034,0.3745971,0.3701599,0.3738787,0.3771085,0.3774741,0.4210157,0.4273625,0.4351294,0.4422555,0.4225936,0.4446509,0.445918,0.4629579,0.4833746,0.5003047,0.5369571,0.6818558,0.6829689,0.6194973,0.5077459,0.5490479,0.5306425,0.5291519,0.6434261,0.6821395,0.6218487,0.6678038,0.6311226,0.5852277,0.5670196,0.5086696,0.4864674,0.4751741,0.4749455
Czech Republic,0,0,0,0,0,0,0,0,0,0,0.3082858,0.3160946,0.3161381,0.255473,0.3190092,0.3381616,0.3524095,0.3771588,0.3334361,0.327177,0.3647281,0.316562,0.3331186,0.3416293,0.3798269,0.4366831,0.396747,0.3954019,0.4156663,0.3746827,0.3501943,0.3669851,0.3588362,0.3714482,0.3694339,0.3720352,0.3680759
Denmark,0.3093128,0.332226,0.3193577,0.35914,0.4035951,0.4279843,0.4617566,0.5142126,0.5602504,0.5805603,0.5466591,0.5238275,0.5507457,0.5715483,0.5723318,0.5505621,0.5877694,0.6153585,0.6714166,0.665261,0.724326,0.7187951,0.6119047,0.6346248,0.6760766,0.6955654,0.7153287,0.7371114,0.6644645,0.7290608,0.7181042,0.6570138,0.6835181,0.668941,0.6688688,0.6677839,0.643344
Djibouti,0,0,0,0,0.1780894,0.1881076,0.1899839,0.1901541,0.1943709,0.1988175,0.1965605,0.1895708,0.1850857,0.1804242,0.1757857,0.1614427,0.1698989,0.1732834,0.1767565,0.168226,0.1698849,0.163042,0.1696168,0.1502403,0.1494303,0.1507294,0.1681685,0.1719813,0.1685447,0.1685773,0.166663,0.1577548,0.1556972,0.1491407,0.1429701,0.1560766,0.1628994
Dominica,0.2225225,0.2381385,0.2295294,0.2427261,0.2225879,0.2309586,0.2183661,0.212301,0.2226652,0.2221563,0.2355212,0.2085782,0.2064827,0.1997402,0.1887828,0.1838778,0.1887397,0.2028229,0.2068316,0.2042498,0.2247329,0.2476997,0.245895,0.2276087,0.218559,0.216837,0.2257475,0.2294704,0.2222769,0.2262771,0.2280628,0.2337897,0.234033,0.2397351,0.233403,0.2382976,0.2301071
Dominican Republic,0.1228786,0.1184903,0.1326553,0.1269843,0.110266,0.1010825,0.1210175,0.1232201,0.1054264,0.1189119,0.1024961,0.0977977,0.1246798,0.1240171,0.1094704,0.119717,0.1287928,0.136283,0.1303835,0.1368267,0.138937,0.1436008,0.1508244,0.1423053,0.1208107,0.1242669,0.1358778,0.1421013,0.1398574,0.1392578,0.1396744,0.1158954,0.1481882,0.1551339,0.1591417,0.1792184,0.1801991
Ecuador,0.1706631,0.1928813,0.1927414,0.2100034,0.2129981,0.1751734,0.1928173,0.1832536,0.1161175,0.110474,0.121168,0.1107291,0.1128208,0.1193948,0.1125509,0.1254164,0.1389333,0.1190035,0.1272729,0.1423099,0.124396,0.1352803,0.1250625,0.1225638,0.1490096,0.1532129,0.1708279,0.1917557,0.1864737,0.2235568,0.195728,0.1969107,0.190193,0.1954372,0.1993738,0.2030517,0.1985936
Egypt,0.1461669,0.1756487,0.1792637,0.1797839,0.182467,0.1844603,0.1903409,0.1597034,0.158741,0.1469745,0.1508678,0.1519608,0.154136,0.1532404,0.1829673,0.1892452,0.2128335,0.2558389,0.2435757,0.2796535,0.286547,0.2503151,0.2359902,0.2478454,0.2699089,0.3595374,0.3706737,0.3867166,0.452134,0.4000215,0.3316526,0.2905732,0.2848168,0.272321,0.3018684,0.2790112,0.3069243
El Salvador,0.1768203,0.1838733,0.1951161,0.200221,0.2031205,0.2113865,0.1923325,0.1935437,0.1959469,0.1911489,0.1662103,0.1601645,0.140965,0.1571147,0.1428164,0.1575414,0.1538819,0.1521374,0.1181133,0.1503617,0.1519657,0.1799047,0.1849699,0.1927569,0.2322523,0.2065692,0.2285323,0.2300728,0.2208443,0.2119872,0.2084378,0.2120592,0.2243378,0.2329144,0.2339459,0.2421179,0.2404099
Equatorial Guinea,0,0,0,0,0,0.1396641,0.1578204,0.1547028,0.1350385,0.1324829,0.1274903,0.1255489,0.1223476,0.1210472,0.1211013,0.1143405,0.0854088,0.0827199,0.0849435,0.0837695,0.0812343,0.0863599,0.097713,0.0966717,0.0937428,0.096549,0.0992007,0.0891961,0.0972252,0.0996906,0.0899358,0.0915167,0.109852,0.0740419,0.0760837,0.0815564,0.0847522
Eritrea,0,0,0,0,0,0,0,0,0,0,0,0,0,0,0,0.0954749,0.1021461,0.1019749,0.1092143,0.1031136,0.1025166,0.1031844,0.1021696,0.1023952,0.1117843,0.1081816,0.1052363,0.0904172,0.0943191,0.0904633,0.0890693,0.0885133,0.0888137,0.0880138,0.0875644,0.0878639,0.0878639
Estonia,0,0,0,0,0,0,0,0,0,0,0,0,0.2340984,0.2443466,0.2941251,0.3409633,0.3372827,0.374216,0.3652422,0.2628327,0.2697486,0.2637107,0.2877294,0.3356367,0.3593805,0.4119228,0.3986811,0.4325157,0.3838214,0.3672296,0.3587368,0.3410735,0.3426578,0.3315207,0.3234295,0.3249651,0.329207
Ethiopia,0.1394457,0.1478801,0.1477115,0.1431757,0.142612,0.1359424,0.1348458,0.1360523,0.1325934,0.1314969,0.1306095,0.1292064,0.1280341,0.1321907,0.1278693,0.138087,0.1210958,0.1344636,0.1150895,0.1188427,0.1170731,0.1135567,0.1141707,0.1218754,0.1236179,0.1252536,0.1253353,0.1283195,0.1247941,0.1183914,0.1281061,0.1372284,0.1343245,0.1466953,0.1456044,0.1439355,0.1432589
Fiji,0.1276999,0.1404775,0.1404811,0.1486804,0.1539777,0.1582784,0.1524991,0.1588932,0.1552597,0.1719513,0.1849422,0.1872706,0.1812229,0.1725798,0.161911,0.1916902,0.1791446,0.1731608,0.1744586,0.1437901,0.1701706,0.1661063,0.1813242,0.1761623,0.192841,0.1978681,0.2077,0.2027255,0.2067067,0.2169647,0.2140432,0.2071186,0.2096162,0.2166778,0.2223301,0.2252408,0.2312951
Finland,0.2528539,0.2567905,0.2711283,0.2726194,0.3197595,0.3190895,0.33465,0.36898,0.3778804,0.369469,0.3530095,0.350569,0.3420155,0.3701163,0.3828908,0.3890666,0.3520502,0.4638326,0.4800342,0.4958573,0.5865159,0.6371189,0.6232885,0.6153528,0.6569519,0.6633537,0.6862605,0.6919461,0.6279808,0.6010677,0.6814765,0.6993461,0.6803544,0.6902206,0.6804587,0.6814612,0.6626749
France,0.3520951,0.3483464,0.3765706,0.3630404,0.3575006,0.3921642,0.4196172,0.460976,0.4345497,0.4330058,0.460759,0.4595963,0.4508353,0.5053329,0.5186898,0.524373,0.5338957,0.5768479,0.6399991,0.6191999,0.6937733,0.711234,0.7225963,0.7009696,0.7255593,0.7128046,0.8248396,0.8179572,0.8054084,0.7584854,0.7804695,0.7948032,0.7572118,0.74693,0.7576569,0.7630205,0.7647089
French Territories: French Polynesia,0,0,0,0,0,0,0,0,0,0,0,0,0.0918094,0.0822122,0.081196,0.0834168,0.0851452,0.0859346,0.0800916,0.0784058,0.0793352,0.0819416,0.0826489,0.0817148,0.0833321,0.0864929,0.0857438,0.0861977,0.0905114,0.0884103,0.0919407,0.0896747,0.0902188,0.089187,0.0914231,0.0917732,0.0917732
Gabon,0.1281683,0.1287458,0.1284077,0.1244347,0.1243094,0.1320403,0.1565258,0.1695596,0.1583338,0.1545628,0.12984,0.0840012,0.0860134,0.0906127,0.1084323,0.0957559,0.0822696,0.0892323,0.0902248,0.0872267,0.0938652,0.0957912,0.1009445,0.0897353,0.0932763,0.098046,0.0998755,0.0987588,0.0927512,0.093917,0.1088906,0.0902283,0.1107868,0.1168127,0.1230298,0.130322,0.131012
"Gambia, The",0.116955,0.1140274,0.1023313,0.1150994,0.1246674,0.1294282,0.1238169,0.1138582,0.1113948,0.1079691,0.10739,0.1126015,0.1119572,0.1177846,0.1152271,0.1110592,0.1104847,0.1124427,0.1154212,0.098624,0.1153891,0.1154641,0.1135504,0.0957043,0.084103,0.0803618,0.0762982,0.0784914,0.0904208,0.0861367,0.0812069,0.0858588,0.0990051,0.1020172,0.0976813,0.0915581,0.0722391
Georgia,0,0,0,0,0,0,0,0,0,0,0,0,0,0,0,0.0607538,0.0689346,0.0705269,0.0686056,0.0781119,0.0856468,0.1288182,0.0766929,0.0809288,0.107413,0.1239152,0.1467599,0.1530256,0.193137,0.1571301,0.1741077,0.1896888,0.2245632,0.2404635,0.2332858,0.2600175,0.3313327
Germany,0.4475992,0.447356,0.4510762,0.4992786,0.4937654,0.5359206,0.56631,0.6209846,0.6148352,0.6207708,0.6355378,0.6159769,0.6042948,0.6358879,0.6491011,0.642455,0.533848,0.7207514,0.7762632,0.7829151,0.7859869,0.7738201,0.7425984,0.7558166,0.7713302,0.7727286,0.7990739,0.7937192,0.7568874,0.768369,0.7487278,0.7336205,0.7234746,0.7037891,0.7051396,0.7270963,0.6983447
Ghana,0.1198127,0.1185513,0.1183852,0.1173648,0.126604,0.1413824,0.1373306,0.1191509,0.1119455,0.118179,0.1152618,0.1133921,0.0996105,0.1023325,0.1330835,0.1069897,0.1086556,0.1128345,0.1063428,0.1125326,0.1165524,0.1105695,0.1024914,0.1101601,0.1267445,0.1066214,0.106579,0.1181025,0.1259471,0.1131654,0.110275,0.1255422,0.1316735,0.1297876,0.1421977,0.1414087,0.1467756
Greece,0.32245,0.3273748,0.3430824,0.339938,0.3584978,0.3595387,0.3609384,0.323635,0.3370447,0.3278204,0.367375,0.3247494,0.307532,0.3359015,0.3753679,0.3847355,0.3911372,0.4859965,0.5624844,0.5730987,0.5439233,0.4862806,0.4596846,0.4788474,0.5201476,0.5602774,0.5989717,0.6336495,0.6882559,0.6428861,0.6378917,0.6298744,0.5603572,0.5856099,0.6225827,0.5560731,0.5393584
Grenada,0.1147563,0.1145873,0.0969954,0.138902,0.1810306,0.1586446,0.1239522,0.1435304,0.1645091,0.1591825,0.2081122,0.1981037,0.2041421,0.2347992,0.252584,0.2553238,0.254103,0.2626336,0.2643711,0.2748457,0.2817886,0.295516,0.3107962,0.3365119,0.3324455,0.314602,0.3438493,0.3356989,0.314029,0.3164829,0.3295774,0.32177,0.3135415,0.3157054,0.3034804,0.3073542,0.3062746
Guatemala,0.2935582,0.2951234,0.2782008,0.2664317,0.2697294,0.2659709,0.2527289,0.2576813,0.2569805,0.2547511,0.2142267,0.1544549,0.141511,0.109848,0.1393226,0.1328695,0.1334391,0.1463897,0.1611629,0.1641804,0.1591435,0.1567091,0.1573965,0.1695972,0.1765556,0.173281,0.1818397,0.205301,0.2062212,0.2148073,0.2197101,0.2230163,0.228979,0.2390081,0.2397207,0.2418367,0.242118
Guinea,0,0,0,0,0,0,0,0,0,0.1486109,0.1505824,0.1460454,0.1335224,0.1270312,0.1341554,0.1345487,0.107186,0.0778949,0.0702701,0.0893044,0.0496236,0.0506304,0.0531062,0.0692805,0.0528789,0.0690575,0.0623463,0.0622162,0.0685742,0.0683066,0.059636,0.080555,0.0585096,0.0587289,0.100664,0.0906789,0.1017344
Guinea-Bissau,0,0,0,0,0.0341566,0.0182659,0.0180618,0.0259878,0.0258946,0.0157878,0.0119922,0.015021,0.0150056,0.0035294,0.0040728,0.0029663,0.0038858,0.0040576,0.0044025,0.0039314,0.0039451,0.0022376,0.0016545,0.0034334,0.0083352,0.0182713,0.0306005,0.049018,0.0648394,0.0506705,0.0819951,0.0775281,0.064517,0.0719331,0.0701002,0.0692314,0.0681893
Guyana,0.1752236,0.179122,0.1780982,0.181922,0.1829753,0.1818716,0.1850815,0.1833467,0.1914843,0.1782141,0.1896452,0.1677071,0.135533,0.1410991,0.1286538,0.1444335,0.15716,0.1596039,0.1692219,0.1607273,0.1582171,0.1548552,0.1529831,0.1693537,0.1924085,0.2106941,0.1926355,0.1820063,0.1745094,0.1594067,0.1564688,0.1613607,0.1672053,0.1692632,0.1690021,0.1657735,0.1700984
Haiti,0.0576621,0.0614483,0.0589541,0.0534215,0.0513765,0.0469781,0.0415311,0.0696019,0.114917,0.1358338,0.1301239,0.126243,0.1385411,0.1127272,0.1045009,0.0970323,0.0718708,0.0901295,0.0810099,0.0694931,0.0975722,0.0689471,0.067091,0.0730337,0.0590746,0.0781795,0.0779052,0.0697607,0.0692807,0.0850544,0.08954,0.1122179,0.1251794,0.1195208,0.1174331,0.1074067,0.1383246
Honduras,0.1646691,0.162527,0.170485,0.187384,0.1750039,0.1706035,0.1714205,0.1795276,0.1680613,0.1658147,0.1488557,0.1250494,0.1393593,0.1184118,0.1284321,0.1225913,0.1325149,0.1473987,0.1401252,0.1621839,0.1382701,0.1616447,0.1531868,0.1681668,0.1639023,0.1730706,0.183025,0.1985626,0.2009915,0.2101385,0.199128,0.1948546,0.209686,0.2167527,0.2087045,0.2090741,0.2170357
Hungary,0,0,0.2641116,0.283131,0.2977613,0.3182186,0.3336224,0.3314342,0.3043192,0.3040452,0.3039576,0.2804154,0.2342642,0.2497634,0.2822858,0.2771634,0.3299883,0.4222458,0.4569852,0.4685825,0.4659414,0.3882921,0.4126279,0.4277225,0.4305483,0.4873332,0.5030248,0.5569322,0.5255171,0.5672656,0.5684015,0.5183649,0.4616589,0.4628808,0.4264553,0.4189003,0.4355711
Iceland,0.4303842,0.4467002,0.4581545,0.4777482,0.4620792,0.4401206,0.4349225,0.410055,0.4287633,0.4545664,0.4496856,0.4439683,0.4263014,0.4247892,0.44334,0.4381284,0.4596018,0.5036446,0.5334103,0.5842069,0.6757839,0.6722666,0.760957,0.8368373,0.8231077,0.8271369,0.8499711,0.8518207,0.7120961,0.5680367,0.5274671,0.6197141,0.5930887,0.5919022,0.5581381,0.5701169,0.542841
India,0.2076782,0.2123238,0.2221196,0.2234883,0.2327138,0.2346184,0.2426488,0.2398822,0.239232,0.2579191,0.2595474,0.2397083,0.2150902,0.2139702,0.2192732,0.1980295,0.2834458,0.3622005,0.3512031,0.4072541,0.4170585,0.3869405,0.4026784,0.4142088,0.4277023,0.4159113,0.431246,0.4121399,0.4599642,0.4659429,0.4465534,0.4081762,0.3925741,0.3876455,0.4036558,0.4087304,0.4073103
Indonesia,0.0824137,0.092505,0.1016094,0.1452607,0.1392658,0.1438954,0.2014277,0.2359281,0.2380225,0.2478635,0.3041003,0.2621261,0.2677027,0.2778826,0.2729129,0.2665046,0.3314237,0.3883999,0.3563552,0.312867,0.3122118,0.3068351,0.311439,0.2790887,0.2896528,0.2927123,0.2944201,0.3243175,0.3602246,0.3167012,0.2916736,0.3131688,0.3310509,0.3508317,0.3581688,0.3609044,0.3639323
"Iran, Islamic Republic of",0.3475526,0.3304115,0.3047778,0.2997487,0.2864107,0.2960458,0.3168369,0.3106047,0.3083414,0.3152749,0.3153795,0.3116599,0.2965099,0.2593463,0.276733,0.2481761,0.2668388,0.2542168,0.2496246,0.2580066,0.2812738,0.293587,0.2710437,0.2982379,0.3167836,0.2928645,0.2923127,0.3187161,0.3424741,0.3372913,0.3309091,0.3375598,0.3439632,0.3761055,0.3648833,0.3567704,0.4052239
Ireland,0.4712348,0.4914157,0.5233847,0.5604383,0.5706028,0.6546176,0.6715484,0.6789802,0.656248,0.6570188,0.6213218,0.610953,0.5551192,0.6406487,0.6330317,0.6354712,0.6622877,0.6988884,0.7806235,0.7821869,0.7143934,0.7550209,0.6843113,0.7218453,0.7500425,0.7564543,0.7767149,0.7887277,0.789148,0.7693231,0.7516911,0.6823118,0.7077494,0.7374668,0.7118254,0.6931679,0.6912758
Israel,0.3146078,0.3147098,0.325899,0.4180638,0.3024181,0.2677073,0.274197,0.3228295,0.3116009,0.3259459,0.3996419,0.3848802,0.4049485,0.4877081,0.5092572,0.4082472,0.3998492,0.4542194,0.4753639,0.4886546,0.5096471,0.4684622,0.4680824,0.4787651,0.5027539,0.531562,0.5561633,0.57886,0.6529271,0.6172248,0.6362219,0.6162676,0.590533,0.578845,0.5868812,0.6135016,0.568392
Italy,0.3253747,0.3272041,0.3259242,0.3132211,0.3306484,0.4109344,0.4022176,0.4313068,0.4317511,0.4334885,0.4213283,0.4055744,0.3991616,0.4581555,0.5122347,0.4772914,0.4858112,0.5623654,0.6898056,0.7054062,0.770224,0.7673125,0.7498689,0.7574153,0.7535828,0.7658985,0.7884517,0.7982829,0.7790457,0.7935702,0.7664123,0.7733194,0.7918525,0.7778449,0.7996156,0.8170223,0.8011451
Jamaica,0.2617225,0.2811345,0.2894926,0.3017524,0.3209103,0.2772485,0.2355168,0.2330596,0.2494874,0.265417,0.2485915,0.2586538,0.2921116,0.2223644,0.2051325,0.1806767,0.1628933,0.1802477,0.1566182,0.1594254,0.2058887,0.2183953,0.2271772,0.2189001,0.2330704,0.2394983,0.2777127,0.2772014,0.2807486,0.2712984,0.2551678,0.2572072,0.2693566,0.2580672,0.2621613,0.2631457,0.2715746
Japan,0.5109717,0.5228143,0.4901029,0.5258428,0.5469519,0.5803816,0.6300476,0.6775203,0.6694997,0.6688389,0.6433849,0.5994425,0.5660297,0.5834559,0.5848329,0.5815238,0.6205744,0.6405928,0.6428539,0.6911113,0.7209303,0.6888832,0.713702,0.7291459,0.7654868,0.8136196,0.8443039,0.8560091,0.8176821,0.8198395,0.8264517,0.814168,0.8053079,0.8457909,0.8486647,0.8680984,0.8684092
Jordan,0.2834989,0.2882141,0.3026366,0.3210409,0.33621,0.3410481,0.3292202,0.3348299,0.3475269,0.3975365,0.370936,0.3814381,0.4213804,0.4274743,0.3753133,0.3688066,0.3540813,0.3842598,0.3768305,0.3676413,0.3474801,0.3783827,0.3932388,0.4295498,0.4760871,0.5722207,0.527522,0.5189116,0.5730003,0.5080088,0.4685427,0.4348272,0.4153147,0.4131767,0.3974665,0.3966793,0.3947885
Kazakhstan,0,0,0,0,0,0,0,0,0,0,0,0,0,0.1932491,0.1841839,0.1760508,0.1290497,0.1308575,0.1517077,0.134655,0.1492737,0.1780227,0.223685,0.2584373,0.2804558,0.3004652,0.3826138,0.3877721,0.3512653,0.3473606,0.3098909,0.3116939,0.3204625,0.3068472,0.3124,0.3115213,0.3412078
Kenya,0.1886037,0.2102027,0.2095718,0.2005699,0.1976516,0.1959219,0.1955534,0.1767172,0.1632024,0.1570765,0.1561493,0.133677,0.1177445,0.1116846,0.1444268,0.1362587,0.1508238,0.1388369,0.1398592,0.1393514,0.1241054,0.1019715,0.1130112,0.1339577,0.1452181,0.1466503,0.1740794,0.1743481,0.1611471,0.1518379,0.1678307,0.1705349,0.1819357,0.1801307,0.1887546,0.1940569,0.1901924
Kiribati,0,0,0,0,0,0,0,0,0,0,0,0,0,0,0,0,0,0.1253729,0.1117924,0.1053133,0.1031274,0.1010657,0.0991048,0.0972271,0.0954194,0.0936709,0.0919734,0.0903201,0.0887054,0.0871248,0.085459,0.0837284,0.0819469,0.0622047,0.0825335,0.0825335,0.0825335
"Korea, Republic of",0.3195902,0.3902898,0.3414213,0.3231687,0.3492632,0.3814175,0.4672206,0.4888686,0.5282016,0.533529,0.494958,0.5315613,0.5744122,0.6109853,0.621862,0.5915277,0.6000627,0.6047794,0.625854,0.6812483,0.7538756,0.7948735,0.8052461,0.7916203,0.8012884,0.8023011,0.8130477,0.8227662,0.7895655,0.8268691,0.8074966,0.8347522,0.8591687,0.8529028,0.8486547,0.8500587,0.855473
Kuwait,0.3104863,0.3457155,0.3746987,0.3729499,0.3751312,0.3742437,0.3645935,0.3654187,0.3766443,0.3177483,0.2997919,0.312683,0.3180973,0.3115156,0.2937876,0.355662,0.4545439,0.5063533,0.405062,0.362171,0.3156338,0.4014945,0.4658622,0.4902332,0.4417737,0.4788754,0.4494684,0.531561,0.4803836,0.4911011,0.4302534,0.3338092,0.3282208,0.3266743,0.3509349,0.3751103,0.4064722
Kyrgyz Republic,0,0,0,0,0,0,0,0,0,0,0,0,0,0,0,0.2134941,0.2111274,0.1953531,0.2089681,0.2060551,0.2161526,0.2151259,0.2536005,0.1842532,0.247908,0.1527822,0.2551334,0.2455604,0.2393383,0.2257081,0.108495,0.085858,0.0985122,0.1119603,0.1217035,0.128086,0.1211159
Lao People's Democratic Republic,0,0,0,0,0,0,0,0,0,0.125919,0.1259937,0.1264603,0.114494,0.1135656,0.1158374,0.1174173,0.1232568,0.1231119,0.1287752,0.116996,0.1209991,0.1233058,0.0961664,0.1230199,0.1272442,0.1511699,0.1635592,0.1644973,0.1398741,0.1601689,0.1659503,0.1639469,0.171681,0.1740332,0.1288548,0.140837,0.1363537
Latvia,0,0,0,0,0,0,0,0,0,0,0,0,0,0.1268438,0.1174614,0.1250739,0.1601018,0.2313814,0.1913522,0.2001647,0.2830613,0.278457,0.27129,0.2949154,0.3076549,0.3019123,0.3352255,0.3573759,0.3397057,0.347871,0.3468103,0.3334561,0.3152861,0.3054513,0.2850358,0.2813603,0.2913639
Lebanon,0.235367,0.2445801,0.2951078,0.2839648,0.2777366,0.2696752,0.2624767,0.2266882,0.1845379,0.1954816,0.2057309,0.1841963,0.1822643,0.1944006,0.2141309,0.221554,0.2428723,0.3193824,0.2877972,0.2897902,0.2939653,0.2881294,0.2880673,0.2943859,0.3026323,0.3239486,0.3633908,0.3478736,0.3571079,0.3356666,0.3518725,0.3305603,0.3194131,0.3170486,0.3150985,0.3186837,0.3201028
Lesotho,0.1182705,0.1476529,0.1566822,0.1444651,0.141029,0.1328608,0.1313372,0.1580935,0.1496597,0.1298924,0.1324293,0.1367501,0.1238011,0.1015851,0.1296473,0.1390977,0.147166,0.1826151,0.146052,0.1430972,0.1204714,0.1313323,0.1139787,0.121141,0.1290965,0.1418998,0.1487719,0.149272,0.1330577,0.1413926,0.158362,0.1614572,0.1625775,0.1703646,0.1601582,0.1609537,0.1423727
Liberia,0.128736,0.1149074,0.1287539,0.1108875,0.1081944,0.1143278,0.1352688,0.131325,0.1291133,0.1389254,0.1396391,0.1403277,0.1540354,0.156551,0.1740055,0.1663404,0.1258369,0.1187506,0.1318588,0.1425466,0.1291919,0.1296721,0.1427925,0.1552946,0.1948664,0.1630826,0.1752757,0.1624762,0.1658167,0.1748054,0.1585523,0.1532726,0.1652803,0.1798956,0.1649098,0.13811,0.1532376
Libya,0.1346822,0.1520049,0.1446658,0.1531147,0.1542984,0.1522605,0.1550906,0.1601247,0.1608563,0.1595957,0.1583813,0.1565769,0.1631423,0.1578256,0.1611479,0.1639747,0.1572109,0.1483813,0.1451654,0.1329239,0.1280349,0.1322519,0.1321755,0.1247174,0.1385155,0.1406636,0.1468976,0.1521497,0.1413627,0.1560818,0.1530143,0.1657039,0.1533877,0.1603135,0.1608898,0.1491743,0.1445963
Lithuania,0,0,0,0,0,0,0,0,0,0,0,0,0,0.1253135,0.1231628,0.1127299,0.1281142,0.1938903,0.1940055,0.2184936,0.2032814,0.2066955,0.2318486,0.2439713,0.2619176,0.2906253,0.3319878,0.3341136,0.3038673,0.2935347,0.2980034,0.2696387,0.265762,0.2601559,0.2578304,0.2587275,0.2573722
Luxembourg,0.6003411,0.6113062,0.6211194,0.617618,0.6232719,0.6352415,0.669696,0.6795166,0.716212,0.7131839,0.6865907,0.6678913,0.6582257,0.7203424,0.7255847,0.7092605,0.7329648,0.7508672,0.7542869,0.7530069,0.7502373,0.7416277,0.7270128,0.7264862,0.7380528,0.7439798,0.7499782,0.7502446,0.7662732,0.7639779,0.7552091,0.7406941,0.7445871,0.7424737,0.7483469,0.7399582,0.7459558
"Macedonia, FYR",0,0,0,0,0,0,0,0,0,0,0,0,0.2055078,0.2225813,0.1846205,0.1939578,0.2097816,0.2210929,0.303082,0.3103037,0.3192208,0.3099829,0.1866748,0.1641406,0.1808161,0.2016879,0.2301976,0.2678633,0.2491221,0.2522377,0.2560742,0.2572204,0.253602,0.2598148,0.2666334,0.2745502,0.2773372
Madagascar,0.0981501,0.0953652,0.0915547,0.0880505,0.0959852,0.1016913,0.1021876,0.0970823,0.0782084,0.0731603,0.0653909,0.0860863,0.0753247,0.0618917,0.0816058,0.0802989,0.1115432,0.097577,0.085426,0.0880631,0.0963751,0.0842551,0.0856491,0.0883485,0.1082938,0.1102906,0.1135743,0.1006327,0.0991351,0.0938393,0.0924027,0.0862044,0.086493,0.0865674,0.0951529,0.0976195,0.1038502
Malawi,0.1300326,0.1284619,0.1288951,0.1320733,0.1314544,0.1129803,0.1079622,0.1167596,0.0763892,0.0691409,0.081273,0.0963399,0.1307915,0.1008071,0.140882,0.104509,0.0821309,0.0833081,0.0906589,0.0765432,0.0843331,0.0712671,0.0683124,0.0691111,0.0692726,0.064722,0.087614,0.0819198,0.0906896,0.0870874,0.0759985,0.0887604,0.1051207,0.0905348,0.0866872,0.0930818,0.0833748
Malaysia,0.2447116,0.2518351,0.2331144,0.280705,0.2733797,0.3339755,0.3377961,0.3431618,0.3432174,0.4199117,0.4279294,0.4443606,0.4994985,0.4425097,0.4178401,0.5123695,0.4626242,0.5462241,0.517424,0.5450529,0.5904548,0.5489678,0.5385776,0.5672349,0.5939967,0.5831256,0.6149852,0.6720293,0.5992025,0.6327199,0.6478781,0.6605721,0.6648455,0.6762525,0.6735137,0.6624636,0.6600142
Maldives,0.1328301,0.1352566,0.1627636,0.1755381,0.1915809,0.1753332,0.1610235,0.1453137,0.1235285,0.1275496,0.1327356,0.112181,0.0983664,0.1182556,0.1361795,0.1354172,0.1343164,0.1348778,0.1361072,0.1383207,0.134274,0.1380643,0.1436567,0.1381323,0.146699,0.1562921,0.1612651,0.1755751,0.1751333,0.1605493,0.1604185,0.1680149,0.1488044,0.15086,0.1624524,0.1715555,0.1839326
Mali,0.0944917,0.0951992,0.095432,0.1054111,0.1001543,0.1016745,0.1016214,0.0940235,0.0899587,0.0879398,0.0839821,0.0837464,0.0846533,0.0860451,0.0862656,0.0863474,0.0985507,0.1022959,0.1055709,0.1070104,0.0956276,0.1116561,0.1120276,0.1097276,0.1111244,0.099885,0.1056074,0.1094293,0.10413,0.1026565,0.1171335,0.1222513,0.1120182,0.1191142,0.1299042,0.1371937,0.1386012
Malta,0.3789192,0.3888473,0.4086891,0.4344843,0.4504318,0.4425394,0.4513501,0.4605053,0.4462418,0.4589095,0.4779383,0.4698055,0.4829679,0.476603,0.4981355,0.5039473,0.5066265,0.51521,0.5476301,0.6102817,0.581816,0.5777566,0.5713558,0.5517522,0.5696958,0.5701861,0.5676036,0.5682368,0.547402,0.5583126,0.5469626,0.5538043,0.5514321,0.5701633,0.5646575,0.5840945,0.5728436
"Marshall Islands, Republic of",0,0,0,0,0,0,0,0,0,0,0,0,0,0,0,0,0.0782711,0.0892336,0.0892336,0.0892336,0.0892336,0.0892336,0.0892336,0.0892336,0.0892336,0.0892438,0.0892314,0.0962365,0.1026758,0.1025947,0.1025115,0.1115175,0.0958508,0.1077444,0.1098698,0.1135416,0.115513
Mauritania,0.1184356,0.1183397,0.1195082,0.1196477,0.1199897,0.1390311,0.1311546,0.1248678,0.1257657,0.1370769,0.138406,0.1368865,0.1040476,0.0978158,0.1121055,0.1075967,0.0925435,0.10491,0.1082257,0.0976164,0.0869886,0.1041748,0.1039389,0.0998369,0.1016381,0.1158431,0.1171118,0.1056307,0.1164647,0.1049113,0.1139588,0.1129466,0.1132963,0.1150809,0.1158449,0.1122635,0.1286565
Mauritius,0.2437094,0.2555459,0.253202,0.2501664,0.2716041,0.2558401,0.2489014,0.2635603,0.2601811,0.2598825,0.2574841,0.2665191,0.2725473,0.322738,0.3154193,0.3269486,0.3209628,0.3375511,0.348719,0.34905,0.3344721,0.3408351,0.2970359,0.3374052,0.3420666,0.3699111,0.3779953,0.4011605,0.3997932,0.406007,0.4113983,0.4179124,0.3998536,0.4171368,0.4475429,0.4429912,0.4325249
Mexico,0.3456782,0.3521721,0.2423719,0.1985839,0.2448398,0.2806489,0.2870504,0.3292014,0.2473312,0.288875,0.3078494,0.3115223,0.3381521,0.3395418,0.3497202,0.3151972,0.3241477,0.3288134,0.3028363,0.2946524,0.3122664,0.3366248,0.3021289,0.3130199,0.3164746,0.3506786,0.3290195,0.3957704,0.3876688,0.3825217,0.4007959,0.3884666,0.3960891,0.4167023,0.3849213,0.3922046,0.4091886
"Micronesia, Federated States of",0,0,0,0,0,0,0,0,0,0,0,0,0,0.103276,0.1342676,0.1339266,0.1337488,0.1336503,0.1222222,0.1235595,0.1214256,0.1158436,0.1159955,0.1229549,0.1191074,0.1193025,0.1172777,0.1180908,0.1189291,0.1213753,0.124091,0.1237259,0.1271322,0.1278466,0.129971,0.1327455,0.132333
Moldova,0,0,0,0,0,0,0,0,0,0,0,0.1904911,0.1901472,0.1658787,0.1239853,0.2041368,0.1902995,0.1984307,0.2679699,0.2265414,0.2242488,0.2287878,0.2433911,0.2538438,0.2526335,0.2639402,0.2762243,0.2934378,0.290339,0.2791486,0.2834674,0.2957912,0.3096038,0.3164956,0.3196945,0.3183547,0.3020564
Mongolia,0,0,0,0,0,0,0,0,0,0,0,0.2399838,0.212862,0.2104702,0.2320778,0.167679,0.2127233,0.2193894,0.2177289,0.1426985,0.1747324,0.1402121,0.1782629,0.1735312,0.187683,0.2047577,0.2384067,0.2656114,0.2595311,0.2570684,0.2788305,0.2969059,0.3305044,0.3333407,0.3401298,0.38438,0.4009371
Morocco,0.1730534,0.1776823,0.1814446,0.185064,0.1856687,0.1819285,0.1891006,0.188022,0.1869394,0.1904281,0.1887565,0.1906785,0.1963423,0.2055469,0.2242696,0.2503223,0.2045037,0.2271522,0.228763,0.2543233,0.2586828,0.2595087,0.2519849,0.2693385,0.2842492,0.3097107,0.3649545,0.4104911,0.3798888,0.4200342,0.3959204,0.3837602,0.386673,0.3865947,0.3910569,0.3915401,0.3957298
Mozambique,0,0,0,0,0,0,0,0,0,0,0.0999715,0.1043277,0.1178878,0.0919807,0.0925205,0.0955631,0.0669478,0.0620921,0.0800438,0.0695532,0.0647008,0.125351,0.0887486,0.0958335,0.0935542,0.1043914,0.1145779,0.1110512,0.1240861,0.1318558,0.1349369,0.1226384,0.129294,0.1389912,0.1406154,0.1469208,0.1390941
Myanmar,0.118213,0.1187196,0.1178915,0.1178891,0.1168266,0.1174258,0.1176374,0.1166647,0.1157162,0.1141485,0.1153583,0.1140196,0.1130946,0.1102914,0.1148224,0.1288976,0.1270173,0.1248399,0.1155778,0.1190631,0.1197579,0.1112251,0.1157661,0.1181083,0.1212898,0.1275793,0.1178575,0.1219319,0.114543,0.1213257,0.1052299,0.113659,0.1290226,0.1343479,0.1383222,0.1166651,0.1455372
Namibia,0,0,0,0,0,0,0,0,0,0,0.1653696,0.1784823,0.2368216,0.2430907,0.2541828,0.2645018,0.2849745,0.2828822,0.2828482,0.3198185,0.3129505,0.3155887,0.3096619,0.2841674,0.3309254,0.3161708,0.313464,0.3182183,0.3733076,0.4647032,0.4193284,0.4024649,0.4199255,0.4224229,0.4307935,0.4443681,0.4498268
Nepal,0.1490138,0.1498176,0.1447036,0.1439338,0.1443388,0.1458045,0.1505065,0.1503781,0.1521204,0.1536016,0.1531857,0.151071,0.1477529,0.1457268,0.1588191,0.1558398,0.1464069,0.1421341,0.13733,0.1623292,0.1633665,0.1575063,0.1565145,0.1280035,0.1652829,0.1664002,0.168301,0.186901,0.1956014,0.197669,0.1866044,0.1843985,0.1890101,0.1906565,0.192537,0.1988498,0.2119091
Netherlands,0.4358015,0.4245604,0.4338175,0.4640163,0.4781384,0.5139681,0.5322754,0.5546489,0.5526766,0.5564002,0.5282287,0.5186773,0.5160467,0.5396588,0.580516,0.5971781,0.6685295,0.7342235,0.754611,0.7704953,0.8261132,0.7948785,0.8084241,0.8398272,0.8499992,0.820447,0.8389666,0.852974,0.8006027,0.8189887,0.8076545,0.7564422,0.7231144,0.7168698,0.7039955,0.70246,0.7055485
New Zealand,0.2372048,0.2511553,0.2723438,0.2724108,0.2915988,0.3809865,0.4160564,0.4379478,0.3867556,0.380301,0.4017942,0.4337569,0.4510719,0.4758099,0.5092331,0.5174505,0.509409,0.5506704,0.6199232,0.6298952,0.6354114,0.5899909,0.5510592,0.5103134,0.5089616,0.495408,0.5610657,0.5526298,0.5476046,0.5721048,0.5824968,0.5941235,0.5881266,0.5656877,0.5766094,0.5731348,0.6053087
Nicaragua,0.1337094,0.1411491,0.1452853,0.136441,0.1330459,0.1265463,0.1268034,0.1041071,0.118714,0.1158235,0.1183066,0.116671,0.1073516,0.094515,0.1124142,0.0878646,0.107621,0.1138589,0.1114671,0.1286162,0.1306324,0.1031241,0.1139574,0.1093752,0.1247217,0.1337996,0.1271042,0.1307652,0.1117052,0.1251623,0.1211246,0.1277588,0.1268836,0.1292931,0.1327464,0.1380169,0.1475417
Niger,0.1054939,0.1066141,0.1063436,0.1215924,0.1184249,0.1167952,0.1171027,0.1071433,0.1054977,0.0992405,0.0957303,0.0949071,0.0950983,0.0930535,0.091741,0.0867784,0.0795474,0.0757971,0.0828856,0.0705027,0.0546662,0.067376,0.0457871,0.0508965,0.0611429,0.0732183,0.0827872,0.0918984,0.1088173,0.1095658,0.1257529,0.1191304,0.1181421,0.1255385,0.1200494,0.1373818,0.1381327
Nigeria,0.2170805,0.23459,0.2540735,0.2402956,0.2079925,0.2098473,0.2322754,0.2069926,0.1718177,0.1347076,0.1555187,0.1634889,0.1762641,0.1692094,0.1645674,0.174324,0.1794776,0.1857896,0.195011,0.1870347,0.1764853,0.1761768,0.1820296,0.1899868,0.2028865,0.2013899,0.2131778,0.2679959,0.2886294,0.240996,0.2108027,0.2125976,0.2252023,0.2285289,0.2368281,0.2311072,0.2350059
Norway,0.2908514,0.2742792,0.2585699,0.2982635,0.3297723,0.3951826,0.3758519,0.4910026,0.4163795,0.4399971,0.4357298,0.4180794,0.3946072,0.4578302,0.4520151,0.4552638,0.5240443,0.5755162,0.5963113,0.6066651,0.6523112,0.6199219,0.5946275,0.6195539,0.6793473,0.7106944,0.7611521,0.7956213,0.747095,0.7773784,0.7426846,0.7369868,0.6757974,0.6530805,0.6782296,0.6917214,0.6906703
Oman,0.2285933,0.2241583,0.2348681,0.2624184,0.2788951,0.2976833,0.2931212,0.2674281,0.2612069,0.310596,0.3008435,0.2679615,0.2464368,0.2481296,0.2777189,0.281884,0.3114603,0.4094888,0.4127898,0.3379408,0.3197021,0.3184938,0.3318077,0.3430523,0.3604793,0.3850833,0.380167,0.4268648,0.4242152,0.4237903,0.3749756,0.3548201,0.3448697,0.3643615,0.3576917,0.3702208,0.4017798
Pakistan,0.131932,0.1324768,0.1341142,0.1397332,0.140707,0.1506547,0.1559487,0.1499161,0.1461811,0.1418441,0.140085,0.1538775,0.1512507,0.163123,0.156352,0.149729,0.2186046,0.2822036,0.3002024,0.3062292,0.3172593,0.2881063,0.3476591,0.3576275,0.3711694,0.3696481,0.3644166,0.3765119,0.3269025,0.2500366,0.2109922,0.2049332,0.2173139,0.2214575,0.2223148,0.226348,0.2312691
Panama,0.2783746,0.2770067,0.2554214,0.2505253,0.2428865,0.2374311,0.2408982,0.2432188,0.245027,0.2500032,0.2571886,0.2557659,0.2425078,0.2590042,0.2916655,0.2847599,0.2816746,0.3207823,0.3000587,0.320995,0.3155233,0.3243382,0.3039725,0.2849768,0.2762921,0.308228,0.3182617,0.316935,0.3160709,0.3224226,0.3269611,0.3280326,0.3489567,0.3276639,0.3441391,0.3387008,0.3529089
Papua New Guinea,0.1864881,0.190402,0.1931823,0.1869628,0.1950706,0.2062646,0.2189753,0.2217453,0.1991061,0.1680879,0.167461,0.1834731,0.1504705,0.1384896,0.1611146,0.1571955,0.1470715,0.1590519,0.1581381,0.1447535,0.1355348,0.1683053,0.1450133,0.1295406,0.1410711,0.1644611,0.1732117,0.1826482,0.1865759,0.231134,0.213341,0.2044603,0.2224621,0.2232633,0.224178,0.2353506,0.2326944
Paraguay,0.1528954,0.1411102,0.1478406,0.1395026,0.1252247,0.1041348,0.1043544,0.0921832,0.1134248,0.1122099,0.1213959,0.1028087,0.1187395,0.1034292,0.1354659,0.1380764,0.1407924,0.1209763,0.1138688,0.1381829,0.1223551,0.1025541,0.0701661,0.0617825,0.1052059,0.0991931,0.0893188,0.092472,0.1123328,0.1045335,0.1162147,0.1338303,0.1262809,0.1283529,0.1236865,0.1324742,0.1334515
Peru,0.1821151,0.2248477,0.2238242,0.2521642,0.2294847,0.1863309,0.1583095,0.134692,0.163126,0.1501159,0.0989003,0.0939462,0.1236122,0.1844365,0.2114418,0.2099883,0.2034297,0.2265877,0.2246521,0.2100656,0.229367,0.2127276,0.2273941,0.2324187,0.2196581,0.2383245,0.2506488,0.2959354,0.2716725,0.2941402,0.3039187,0.2912403,0.3062358,0.318505,0.3315684,0.3750084,0.3750551
Philippines,0.3794459,0.378715,0.3563372,0.3544404,0.3062673,0.2797951,0.2317782,0.2475582,0.2575175,0.2342554,0.2147988,0.2501549,0.2767234,0.316454,0.3588597,0.3218765,0.3686408,0.4125932,0.3731577,0.400133,0.3726702,0.330687,0.3293287,0.343375,0.3363763,0.3300464,0.3292276,0.3496093,0.3278904,0.3345318,0.3432077,0.3506373,0.3721981,0.3736491,0.3753982,0.3791209,0.3777103
Poland,0.6084788,0.6084788,0.6084788,0.5839396,0.5583023,0.5505339,0.5417587,0.5087594,0.4358564,0.3256106,0.2472485,0.2777511,0.3157359,0.3868576,0.3720437,0.3170973,0.3621075,0.3702039,0.3475406,0.3374343,0.396789,0.3501621,0.3042626,0.3389305,0.3751245,0.3971616,0.4247845,0.4589686,0.4768658,0.4635161,0.4663198,0.4884667,0.4750505,0.4801679,0.4711142,0.4746147,0.4737788
Portugal,0.3920646,0.3953809,0.3972492,0.39773,0.4051985,0.3964235,0.3943923,0.3592183,0.3752343,0.3548405,0.3118825,0.3536065,0.3794208,0.4190772,0.501299,0.4514182,0.4701858,0.591908,0.6600448,0.6209902,0.6936518,0.6420996,0.6434777,0.6497899,0.666791,0.688271,0.7188445,0.8111686,0.7424815,0.7029615,0.7105371,0.6625511,0.6500483,0.6825155,0.7277995,0.6986489,0.6911288
Qatar,0.2586025,0.2641529,0.2832021,0.2989416,0.2868352,0.3054926,0.3371801,0.3381058,0.3338892,0.3392179,0.3214762,0.3442775,0.3695618,0.3756015,0.3478069,0.3542727,0.400729,0.3945493,0.430141,0.4320655,0.4070958,0.4488469,0.4686961,0.5140261,0.5085962,0.5658431,0.5464864,0.5056819,0.52513,0.5126109,0.5182623,0.4481542,0.4817276,0.4576862,0.5040547,0.4979292,0.5544119
Romania,0,0,0,0,0,0,0,0,0,0,0,0,0.1021911,0.1150418,0.0939635,0.093136,0.1047796,0.1480285,0.1444813,0.1266718,0.1212275,0.123886,0.1317747,0.1445396,0.142659,0.1910457,0.2245534,0.2633789,0.2815992,0.2883725,0.2903712,0.3083937,0.2990978,0.2975699,0.2988441,0.308297,0.308145
Russian Federation,0,0,0,0,0.000133,0.000133,0.0001317,0.0001317,0.0001306,0.0001301,0.0001299,0.3440226,0.3421626,0.3247884,0.3241484,0.1495013,0.1654815,0.2246255,0.2082533,0.2226205,0.2472218,0.3000501,0.3244034,0.379669,0.3524666,0.3798051,0.4681088,0.4834093,0.4377336,0.5507067,0.5039261,0.534097,0.4901683,0.4754237,0.4630554,0.4527557,0.5111977
Rwanda,0.096195,0.0964599,0.0967474,0.0965547,0.09707,0.0939853,0.0931626,0.1036191,0.1149458,0.1155508,0.1074552,0.0772701,0.0860623,0.094441,0.1035134,0.1221817,0.0962435,0.0846834,0.0859487,0.0837792,0.1039212,0.0849067,0.0847855,0.0905355,0.0747908,0.0642996,0.0910208,0.0731858,0.0818653,0.0743894,0.0793231,0.0855378,0.0868375,0.090946,0.0926434,0.0968918,0.0975775
Samoa,0.1376813,0.1377069,0.1366498,0.1324214,0.1334405,0.1352031,0.1436536,0.1542279,0.1621205,0.1581765,0.1623952,0.1672457,0.1670602,0.1289506,0.1325511,0.1373391,0.1333155,0.1359649,0.1409322,0.1353491,0.1341554,0.1497577,0.1159002,0.1397382,0.1231227,0.1441668,0.1724234,0.1884735,0.1764288,0.1784826,0.1834963,0.1827195,0.1740075,0.1901082,0.2096697,0.1917605,0.202795
Sao Tome and Principe,0,0,0,0,0,0,0,0,0,0.1786219,0.1786219,0.1821195,0.1821195,0.1821195,0.1802587,0.1173018,0.1145797,0.0963648,0.0680539,0.0936739,0.07789,0.0736664,0.0727751,0.0786502,0.0853766,0.0905204,0.0949449,0.0963466,0.0937991,0.1099603,0.1239059,0.1307468,0.1418517,0.1400118,0.1355017,0.1316119,0.1191139
Saudi Arabia,0.0899866,0.0917804,0.1180862,0.1472079,0.1596971,0.1746714,0.1919194,0.1913261,0.2107152,0.2076028,0.163856,0.194048,0.2062178,0.2115187,0.2215427,0.2226909,0.2175804,0.2597759,0.2625999,0.2573375,0.2588322,0.2836485,0.3173162,0.4533478,0.4734685,0.4942144,0.5033398,0.5361331,0.4955683,0.5292261,0.4475441,0.4746039,0.5089706,0.4822991,0.5291895,0.5538768,0.5245051
Senegal,0.1092274,0.1105902,0.1085012,0.1187625,0.1142825,0.1128723,0.1093731,0.1024828,0.103769,0.1001294,0.0964519,0.0954048,0.096376,0.1003659,0.0968101,0.0876235,0.1067142,0.1175008,0.1113,0.1219848,0.1194695,0.1176822,0.1150268,0.1207159,0.1226746,0.1264506,0.1364566,0.1455316,0.1324834,0.1282802,0.1330834,0.1316776,0.1301082,0.1324034,0.1276036,0.1280229,0.150874
"Serbia, Republic of",0,0,0,0,0,0,0,0,0,0,0,0,0,0,0.1440564,0.166941,0.1708312,0.177855,0.1746977,0.2018391,0.2252101,0.1902304,0.1689028,0.1868011,0.1314255,0.1749423,0.2053737,0.2776937,0.2766168,0.2397543,0.237863,0.232402,0.230144,0.2540275,0.2583495,0.2572937,0.2664316
Seychelles,0.2886253,0.2837488,0.2777453,0.2729714,0.2474172,0.2066126,0.176486,0.1625485,0.1618153,0.1816588,0.1764697,0.1814576,0.1805252,0.1707388,0.2002754,0.2061596,0.1975927,0.2120164,0.2223574,0.2304263,0.242249,0.2576993,0.2681338,0.2749484,0.2740936,0.2666551,0.269726,0.2697858,0.275768,0.2576094,0.2658006,0.2763911,0.2829732,0.2915474,0.2972192,0.2932724,0.3043514
Sierra Leone,0.076273,0.0691692,0.0689617,0.0627792,0.0620395,0.0670886,0.0928401,0.0676999,0.0846383,0.0561573,0.0555096,0.0907402,0.0538689,0.047512,0.0529922,0.0580371,0.0601625,0.0664665,0.0585576,0.0655781,0.0638513,0.074224,0.073568,0.0746783,0.0687542,0.0648404,0.0606185,0.0506754,0.055934,0.0706709,0.0722498,0.071989,0.0688007,0.0534098,0.0824248,0.0748846,0.1114692
Singapore,0.4764956,0.4965115,0.4558804,0.5093482,0.4677973,0.4220671,0.4770257,0.5188192,0.4754003,0.545584,0.5951889,0.5413208,0.5342508,0.5858154,0.5909318,0.5732381,0.5865058,0.6484991,0.6492105,0.6896553,0.7205211,0.7690618,0.7636513,0.7550879,0.734265,0.7085928,0.714781,0.7415847,0.7993452,0.7162967,0.7061385,0.7039412,0.697032,0.7080687,0.7004629,0.70818,0.7140425
Slovak Republic,0,0,0,0,0,0,0,0,0,0,0,0.2958155,0.2457393,0.2470829,0.2147773,0.200037,0.2384346,0.2459047,0.2614166,0.2486014,0.2390715,0.2067169,0.2410798,0.2414201,0.2570991,0.2607946,0.272469,0.2838393,0.2892238,0.2955608,0.3060757,0.3038501,0.3071398,0.3177206,0.3173257,0.321062,0.3241126
Slovenia,0.0103706,0.0103706,0.0103706,0.0103706,0.0103706,0.0103706,0.0103706,0.0103706,0.0103706,0.0103706,0.0103706,0.3239489,0.3283634,0.3567692,0.3920744,0.4410998,0.4728333,0.4274518,0.4488768,0.4763096,0.4431355,0.5068762,0.5059893,0.4748434,0.5324807,0.5376112,0.5352399,0.5742375,0.5267831,0.5766163,0.5354862,0.5026132,0.4931132,0.4556401,0.415641,0.3858905,0.3851537
Solomon Islands,0.2028054,0.2106094,0.1955951,0.202643,0.1933405,0.1977992,0.1917189,0.1703081,0.1594949,0.165677,0.1625667,0.1602304,0.161972,0.1404806,0.1512852,0.1227322,0.0923766,0.0869929,0.0914116,0.0997862,0.0967599,0.0841713,0.0769952,0.1029954,0.0745962,0.07412,0.086347,0.0897121,0.0909394,0.0944116,0.0900225,0.0885421,0.0876247,0.0842521,0.0886754,0.0910127,0.0909576
South Africa,0.3435288,0.3197848,0.3201661,0.331243,0.2947189,0.3036438,0.3465906,0.3427484,0.3366485,0.3470972,0.3310724,0.3266543,0.3259971,0.3304021,0.3409778,0.3487387,0.3794613,0.4129277,0.4580105,0.4777307,0.4825915,0.4713609,0.4928508,0.4365355,0.4738041,0.5082384,0.5280558,0.5463977,0.5700758,0.5928935,0.585033,0.5697591,0.5681308,0.5744076,0.5862613,0.6058978,0.6178052
South Sudan,0,0,0,0,0,0,0,0,0,0,0,0,0,0,0,0,0,0,0,0,0,0,0,0,0,0,0,0.070518,0.0740199,0.049887,0.0501164,0.0553633,0.0581399,0.0511397,0.0596159,0.057228,0.0635995
Spain,0.3811401,0.3913851,0.3981681,0.3900732,0.4096993,0.4157234,0.399325,0.3894626,0.3983901,0.3744458,0.4094776,0.4478815,0.4439652,0.4644269,0.4939906,0.4782189,0.5054375,0.5684509,0.6454349,0.8127988,0.8700243,0.8585935,0.8316208,0.8395668,0.8618164,0.8732995,0.9116333,0.9134715,0.8647482,0.8838821,0.8575861,0.8449967,0.820273,0.8410577,0.8915855,0.8915823,0.8811775
Sri Lanka,0.1188824,0.1357207,0.1477654,0.1536589,0.1344145,0.1477386,0.1513634,0.1654938,0.170308,0.1545705,0.1653981,0.1867618,0.1980942,0.2412422,0.2624557,0.2324871,0.2236717,0.2415052,0.2302688,0.2235638,0.2239235,0.2270096,0.2423113,0.2624243,0.2441366,0.2692596,0.2696757,0.2675387,0.2599842,0.2563323,0.2914623,0.2938247,0.2751835,0.2862646,0.2918498,0.286413,0.2805199
St. Kitts and Nevis,0.3395872,0.3493114,0.348693,0.380596,0.3399784,0.3084808,0.2971645,0.3011151,0.346689,0.3396665,0.3382355,0.3008755,0.3265919,0.3271695,0.3210105,0.3264299,0.3235687,0.3057601,0.3093989,0.3341605,0.3168331,0.3244807,0.3220613,0.3097487,0.3239351,0.325609,0.3261685,0.3156859,0.3493638,0.3593931,0.3597656,0.3465717,0.3524519,0.3721712,0.3600077,0.3660475,0.3563818
St. Lucia,0.3840374,0.3957973,0.4076152,0.4090668,0.3762862,0.3562189,0.3220941,0.3268984,0.359782,0.382793,0.3746282,0.3217312,0.3169788,0.3315744,0.3333825,0.3264134,0.3334427,0.3317119,0.341221,0.3481055,0.3317684,0.3448757,0.3156393,0.3327482,0.3473971,0.3568435,0.3522769,0.3592215,0.3701683,0.3580584,0.3648402,0.365073,0.3644736,0.3558862,0.3530822,0.3256979,0.3095484
St. Vincent and the Grenadines,0.2027456,0.2048866,0.2149178,0.2248782,0.1916575,0.1962412,0.1834965,0.1882467,0.1995843,0.1927202,0.1792549,0.1943576,0.1906203,0.1837814,0.1902279,0.2020123,0.2021893,0.2046976,0.2039913,0.2068556,0.2217571,0.2027971,0.2086848,0.2056948,0.2076548,0.2224241,0.2268794,0.2382445,0.2300642,0.2242708,0.2005458,0.2027894,0.1973405,0.2085242,0.2066185,0.2071934,0.1999238
Sudan,0.0827853,0.0839689,0.1032307,0.0936823,0.0897321,0.0858987,0.0834167,0.0598862,0.0545046,0.0529652,0.0621007,0.0662735,0.0747238,0.0733879,0.0802008,0.0775961,0.0906722,0.0598741,0.0694984,0.0534593,0.0583733,0.0419544,0.0620532,0.0963919,0.0598446,0.0833874,0.1091491,0.0941053,0.0877761,0.0940434,0.1000931,0.0881953,0.090583,0.0956496,0.1026939,0.1084265,0.1067602
Suriname,0.1138901,0.1231661,0.1365615,0.1428613,0.1478748,0.1600019,0.1649261,0.1596441,0.160948,0.1696854,0.150324,0.1613336,0.1588612,0.1489858,0.0960103,0.0700651,0.0767647,0.0925443,0.112095,0.1113207,0.109899,0.1131252,0.1218717,0.1231048,0.1385017,0.1495588,0.1512382,0.1645861,0.1762553,0.1851358,0.1955616,0.198028,0.2014639,0.1994992,0.2116104,0.2077168,0.2158981
Swaziland,0.1416813,0.1489161,0.1363805,0.1388116,0.1379123,0.1279712,0.123232,0.121518,0.1292136,0.1415398,0.1419612,0.152011,0.1519661,0.1372888,0.1017603,0.1145001,0.2737514,0.2768061,0.2738154,0.1055982,0.1165221,0.1256725,0.103253,0.1102872,0.1233202,0.1328483,0.142147,0.1477719,0.1606429,0.1512073,0.1557898,0.1634816,0.160351,0.1684355,0.176108,0.1721102,0.16942
Sweden,0.309787,0.3106248,0.3236536,0.3540575,0.3848467,0.4025095,0.4425516,0.436959,0.4501132,0.4342806,0.405162,0.3755896,0.4198204,0.456557,0.5290525,0.5029687,0.5390071,0.6026985,0.6476895,0.6622422,0.751904,0.7543373,0.7175728,0.6920083,0.7163765,0.7262032,0.7991039,0.8250805,0.7470221,0.7833382,0.7595962,0.7386427,0.7275128,0.7265458,0.7224151,0.7206975,0.7154871
Switzerland,0.5912024,0.5953938,0.6485196,0.6702431,0.7439853,0.7812583,0.7891178,0.7654648,0.7646169,0.8163669,0.8192102,0.7107849,0.6956152,0.8128003,0.8412256,0.8526978,0.8977641,0.9652289,0.9850715,0.9392747,0.9547618,0.9773899,0.9432459,0.9255655,0.7911304,0.8055021,0.824482,1,0.9794604,0.950694,0.9300383,0.9525165,0.9068336,0.9262304,0.9283906,0.9476667,0.9374488
Syrian Arab Republic,0.1312639,0.1307182,0.1321297,0.1339115,0.1346013,0.1340097,0.1333384,0.1326678,0.1320355,0.1333939,0.1331248,0.135976,0.1373024,0.1350908,0.1334725,0.1329108,0.1326171,0.1384951,0.1299289,0.1434318,0.1412937,0.1287913,0.1173373,0.112429,0.1039562,0.1061525,0.1316648,0.1485257,0.1286958,0.1541405,0.1413389,0.1335567,0.1210273,0.1296324,0.1291858,0.1419591,0.1391445
Tajikistan,0,0,0,0,0,0,0,0,0,0,0,0,0,0,0,0,0,0,0.030591,0.0298885,0.0461892,0.0666277,0.0870792,0.0606221,0.0540788,0.0528537,0.0580686,0.0837386,0.0872936,0.0990347,0.071847,0.0934628,0.0846509,0.0692253,0.0826789,0.0793975,0.1068865
Tanzania,0.1577168,0.1518798,0.155042,0.1473668,0.1470331,0.1633172,0.1467518,0.1466927,0.1400744,0.135137,0.1310418,0.126796,0.1111953,0.1100208,0.1028497,0.0913106,0.0920597,0.0734905,0.0815287,0.0538597,0.0861858,0.0771046,0.0851981,0.0967387,0.099001,0.1016151,0.1132702,0.1188128,0.1246674,0.1238636,0.1212904,0.1191994,0.1245629,0.1220417,0.1160022,0.1183376,0.1164265
Thailand,0.3311523,0.3376028,0.3309975,0.3444341,0.369739,0.3806219,0.3476501,0.3469016,0.344872,0.3438614,0.3943937,0.3737024,0.4956419,0.4962584,0.48472,0.4379249,0.3502167,0.4613458,0.4619359,0.4565746,0.4471324,0.4898416,0.4983085,0.5573084,0.5653667,0.5309808,0.5218051,0.5175548,0.5764925,0.582817,0.6283843,0.6336092,0.6410797,0.7055599,0.6976952,0.7042582,0.7278029
"Timor-Leste, Dem. Rep. of",0,0,0,0,0,0,0,0,0,0,0,0,0,0,0,0,0,0,0,0,0,0,0.0724899,0.0742085,0.0791688,0.077981,0.0772015,0.0809446,0.0857465,0.0915372,0.0919331,0.0952406,0.1258661,0.1262878,0.1303595,0.1247444,0.1233612
Togo,0.1141133,0.1124304,0.1144177,0.1229803,0.1215286,0.1188487,0.1184613,0.1122769,0.1008919,0.0964571,0.1016142,0.1033433,0.0971424,0.1024934,0.1018536,0.1062456,0.1049052,0.117177,0.1056507,0.1056305,0.1162124,0.0867135,0.0774411,0.0840305,0.1285807,0.1083033,0.1053473,0.1245716,0.1240508,0.1086754,0.1139781,0.1348854,0.1307523,0.1283027,0.1278779,0.124757,0.1892342
Tonga,0.1782867,0.1820671,0.1857184,0.1842258,0.1849958,0.1885149,0.1878706,0.191761,0.1968435,0.1655479,0.1482139,0.144391,0.1180182,0.1653373,0.1818888,0.1835273,0.1760203,0.1841458,0.1925325,0.1842876,0.1920863,0.2013367,0.1867121,0.1809387,0.1803994,0.1831421,0.1780007,0.19271,0.185816,0.1824454,0.1913681,0.2030683,0.1828583,0.1843183,0.1852762,0.2170935,0.2221018
Trinidad and Tobago,0.2041069,0.2170019,0.211233,0.2232563,0.2209397,0.2101668,0.2461608,0.2707649,0.2587157,0.2608384,0.2492371,0.2437098,0.2225076,0.2403075,0.2142164,0.2453833,0.2364129,0.2881981,0.2638085,0.2587321,0.2626125,0.2892816,0.3180237,0.3539071,0.356321,0.3325825,0.3534426,0.346352,0.2883579,0.3565325,0.3294167,0.3187464,0.3277723,0.320839,0.3107278,0.3242402,0.3375334
Tunisia,0.1982355,0.2135453,0.2191152,0.2200414,0.2202273,0.2179197,0.2234748,0.1976687,0.2013506,0.2073254,0.2003525,0.2026706,0.2013412,0.2052626,0.222427,0.2294022,0.2029001,0.2070833,0.2006837,0.2180309,0.2362415,0.2188775,0.2135691,0.2090859,0.2092616,0.2242072,0.2209575,0.2228862,0.2533294,0.2460652,0.256054,0.2489376,0.2550194,0.2530344,0.2622911,0.2683276,0.2709064
Turkey,0.1198925,0.1521998,0.1689184,0.1883509,0.1608475,0.1568114,0.1760781,0.1840636,0.1531584,0.1512985,0.1728909,0.1880817,0.2122371,0.2621107,0.3573684,0.3543663,0.373543,0.3303387,0.330112,0.3021892,0.4145303,0.3768168,0.4005378,0.4148006,0.4043272,0.4326901,0.4326431,0.4623999,0.4464501,0.4739149,0.4854246,0.4766872,0.4870008,0.505945,0.5177509,0.5086236,0.5029746
Turkmenistan,0,0,0,0,0,0,0,0,0,0,0,0,0,0,0,0,0,0,0.1407573,0.1345356,0.1238986,0.1471253,0.1339066,0.1338255,0.1250907,0.1286889,0.1203274,0.1196868,0.113575,0.0966896,0.0971116,0.1159349,0.1145153,0.1183482,0.1186977,0.1129195,0.1195431
Uganda,0.0698088,0.0571945,0.0534235,0.0540732,0.049768,0.0725289,0.0616995,0.0369244,0.0422861,0.0533737,0.0568365,0.06482,0.0376611,0.044335,0.0370293,0.0442315,0.0444482,0.0687217,0.0981039,0.0914291,0.0852204,0.0825775,0.0882391,0.093933,0.0889606,0.0906467,0.0959755,0.100196,0.1135521,0.0995315,0.1007812,0.1229119,0.11688,0.1091837,0.1166665,0.1166592,0.1176182
Ukraine,0.1348461,0.1386835,0.1779801,0.1393661,0.1264676,0.1334899,0.1225945,0.0991271,0.1069217,0.1087849,0.0928313,0.0769834,0.0771482,0.07659,0.0774838,0.0908674,0.109441,0.1115893,0.1158613,0.1346475,0.1518833,0.1559082,0.1310925,0.1676133,0.2047574,0.1981133,0.2278876,0.2727661,0.2488963,0.2292251,0.2370585,0.2239311,0.2299891,0.2529027,0.2330784,0.2257754,0.2145746
United Arab Emirates,0.1763381,0.1711029,0.1845054,0.1991047,0.1997977,0.2026464,0.2357491,0.2304942,0.2391695,0.2296793,0.1970114,0.2287943,0.2138201,0.2420076,0.2407535,0.2408767,0.2434138,0.2470789,0.2606413,0.2761185,0.2741319,0.2635717,0.2733456,0.2926566,0.3550787,0.4411434,0.4395916,0.4986258,0.5240335,0.5413641,0.4566053,0.4275624,0.446032,0.4620268,0.5758778,0.5067524,0.4989594
United Kingdom,0.565059,0.4592107,0.4798598,0.5105962,0.5488594,0.5964987,0.6066893,0.703629,0.6369691,0.627117,0.5830835,0.5782588,0.597248,0.6832328,0.7078772,0.6964293,0.7203666,0.761606,0.7919218,0.8272722,0.850621,0.8833818,0.8217094,0.8524895,0.8597165,0.8697173,0.8950677,0.9374525,0.8792254,0.8888338,0.8430973,0.841553,0.8243028,0.8415638,0.8421006,0.8330059,0.8244633
United States,0.3485371,0.3841743,0.4121374,0.4231256,0.4873674,0.5292805,0.6141506,0.6383231,0.5817126,0.5969827,0.5720667,0.5717202,0.5764979,0.6546074,0.6454618,0.7255723,0.7821481,0.8161382,0.8400068,0.8677282,0.8515995,0.8622175,0.8580133,0.8633773,0.8625408,0.8594282,0.8617172,0.869008,0.8388114,0.8694105,0.871448,0.8618427,0.8717868,0.8672936,0.8775368,0.8878177,0.8735749
Uruguay,0.2145181,0.2228002,0.3115444,0.2380664,0.2135332,0.2275453,0.2067195,0.1657528,0.179911,0.1833275,0.156241,0.1312245,0.1239735,0.1230362,0.1155802,0.1152662,0.0943715,0.0888742,0.1312085,0.1204014,0.1534079,0.1551121,0.1493478,0.1452797,0.1493833,0.1746048,0.1880416,0.197323,0.1896306,0.1796246,0.2115327,0.2225524,0.2204582,0.2173862,0.221578,0.2270069,0.2499323
Uzbekistan,0.2030133,0.2123917,0.1750138,0.1812267,0.1519623,0.1646994,0.1434969,0.1590377,0.1664138,0.1839502,0.1769526,0.1924226,0.1899079,0.1908547,0.2022313,0.2210656,0.2242303,0.2276196,0.2426746,0.2070027,0.1914868,0.2410929,0.2864287,0.3420668,0.2558136,0.3240915,0.2040829,0.1952655,0.1963178,0.199843,0.2038823,0.212672,0.2288973,0.2274281,0.2315461,0.2337386,0.2414256
Vanuatu,0.1257464,0.1234144,0.1143643,0.0972028,0.0958382,0.0924885,0.0872297,0.0814717,0.0802434,0.0778669,0.0802416,0.0731918,0.0720474,0.0761284,0.0757282,0.1124456,0.1412409,0.1257941,0.1123879,0.1041408,0.1024004,0.115816,0.1394279,0.1406357,0.1454569,0.148987,0.1455281,0.1533872,0.1737316,0.1699167,0.1884198,0.1846358,0.1907333,0.1899083,0.196352,0.191718,0.2040916
"Venezuela, Republica Bolivariana de",0.2436848,0.2393371,0.2525972,0.2580549,0.2290798,0.2302139,0.2558326,0.2558535,0.2589145,0.1903277,0.2264769,0.223189,0.2037489,0.1907893,0.1576879,0.1341609,0.1716535,0.1860591,0.1746449,0.1460359,0.1660235,0.1647313,0.1548075,0.1627855,0.1745481,0.1796865,0.196263,0.203548,0.1921112,0.196938,0.2094843,0.2100618,0.2215718,0.2363807,0.2479218,0.2416667,0.231744
Vietnam,0,0,0,0,0,0,0,0,0,0,0,0,0.1915128,0.202874,0.1887497,0.1998996,0.2155322,0.2157799,0.2220279,0.2293732,0.2228235,0.2200939,0.2467107,0.2396424,0.2341606,0.2224867,0.2394718,0.3862396,0.3188094,0.3670395,0.3443052,0.2783242,0.2446991,0.268282,0.3135997,0.3035893,0.3204389
"Yemen, Republic of",0.1175709,0.1212841,0.1223658,0.123942,0.126089,0.1261428,0.1234095,0.1227811,0.1249472,0.1248199,0.1268727,0.1340467,0.1327748,0.1317708,0.1248697,0.1248979,0.118769,0.1193141,0.1178223,0.1177168,0.1171385,0.1240574,0.1224848,0.118467,0.1253505,0.1251319,0.1219192,0.1256355,0.1374082,0.1337683,0.1359468,0.1297982,0.1306892,0.1258153,0.1295622,0.1215874,0.1307874
Zambia,0.1776043,0.1521667,0.1521667,0.1110755,0.1180707,0.1007576,0.1096765,0.1075054,0.1075054,0.1075054,0.0569209,0.0664373,0.0673128,0.0673128,0.0493234,0.0628276,0.0773378,0.0896642,0.0656558,0.0544585,0.0798856,0.0651828,0.0863978,0.0754966,0.0841565,0.0789214,0.1041045,0.0989852,0.0939794,0.0894274,0.0938278,0.1147696,0.1278975,0.1245836,0.1123084,0.1161867,0.1212148
Advanced Markets,0.3098991,0.3136125,0.3190541,0.3334039,0.3551844,0.3800151,0.3984812,0.4181861,0.4098432,0.4202084,0.4248662,0.43107,0.4348743,0.478347,0.4985166,0.4935142,0.5114806,0.5614007,0.5893487,0.6057439,0.6312476,0.6286928,0.6158642,0.6247422,0.6386713,0.6488344,0.6743578,0.6976299,0.6763403,0.6686867,0.6604103,0.6534411,0.6405509,0.640833,0.6413053,0.6447104,0.6375649
Africa,0.1068524,0.1080034,0.1079428,0.1071189,0.1047238,0.1069056,0.1095057,0.1054748,0.1010121,0.1058617,0.1096403,0.1111622,0.1111901,0.1099516,0.1142891,0.1183035,0.1210102,0.1214567,0.1261273,0.11771,0.1166984,0.1194869,0.1172568,0.1178303,0.1238847,0.1250244,0.1309394,0.1360447,0.1408364,0.1414669,0.1440522,0.1451575,0.1478894,0.150356,0.1549902,0.1567436,0.1617408
All Countries,0.1659059,0.1689476,0.1750352,0.1791343,0.1830798,0.1886034,0.194705,0.1969176,0.1948916,0.1983494,0.1991561,0.2060086,0.2137952,0.2268867,0.2338871,0.2363908,0.2440743,0.2630655,0.2699805,0.2700025,0.2769562,0.2780764,0.2770501,0.2830554,0.2911642,0.3000826,0.3124934,0.3264524,0.3224634,0.3227038,0.3192508,0.3161249,0.3161357,0.3192103,0.3227444,0.3244262,0.3272814
Asia and Pacific,0.1495735,0.1549767,0.1664197,0.1734315,0.186114,0.1977908,0.2094284,0.2171624,0.2094734,0.2171731,0.2194766,0.2232835,0.2340749,0.2472104,0.2548211,0.2579229,0.2661085,0.2902128,0.2881851,0.2939395,0.300553,0.2989669,0.3020435,0.3045848,0.309012,0.3106355,0.3195283,0.3354998,0.3342266,0.3375828,0.3408216,0.3406712,0.3396517,0.3460746,0.3508756,0.3571268,0.3611064
Emerging Markets,0.1543483,0.1583452,0.1675661,0.1700379,0.1678534,0.1687763,0.1754123,0.1734239,0.1728836,0.1719796,0.1715139,0.1829092,0.2016667,0.2116167,0.2144197,0.2193944,0.2282707,0.2469618,0.2463581,0.2420993,0.246853,0.2487251,0.2512271,0.259646,0.2701186,0.2838814,0.2969087,0.3150927,0.3149622,0.3187382,0.313653,0.3078931,0.3124183,0.3173545,0.3229358,0.324508,0.3301909
Europe,0.2201258,0.2207278,0.2344134,0.2435388,0.248179,0.2606953,0.266515,0.2758937,0.273068,0.2758043,0.2804042,0.3092707,0.327561,0.3617631,0.3791892,0.3757872,0.3936433,0.4333691,0.4590836,0.462757,0.4869265,0.4823775,0.4691291,0.4809712,0.4951723,0.5124745,0.5409951,0.5712324,0.5494842,0.5454392,0.5373817,0.5290117,0.5175978,0.5191957,0.5176873,0.5173899,0.5136572
Low-Income and Developing Countries,0.0993668,0.1008596,0.103464,0.1038135,0.1052839,0.1056302,0.1041442,0.1017062,0.1013983,0.1063368,0.1065461,0.1081872,0.1047419,0.1046571,0.109426,0.1131051,0.11356,0.1155807,0.1199318,0.1160288,0.1152831,0.1175407,0.1188007,0.1202334,0.1221784,0.1244534,0.1287568,0.1323095,0.1332838,0.1336105,0.1348647,0.1371262,0.1388289,0.1411842,0.1439223,0.1447725,0.1497639
Middle East and Central Asia,0.1348306,0.1388742,0.1430922,0.1475849,0.1537292,0.1573054,0.1607133,0.1563835,0.1563044,0.158794,0.1539859,0.157231,0.1620192,0.1727035,0.1759243,0.1865395,0.1918594,0.2092059,0.215102,0.2106704,0.2092378,0.2177152,0.2277527,0.2394557,0.2477815,0.2667814,0.2734003,0.2829955,0.2842211,0.2784048,0.2597213,0.2486096,0.2544852,0.2545379,0.2659473,0.265785,0.276554
Western Hemisphere,0.2182892,0.223335,0.2242387,0.2253277,0.225685,0.2224475,0.2297417,0.2309632,0.2372048,0.2361696,0.231749,0.2255338,0.2300778,0.2383352,0.238866,0.2392843,0.2426823,0.2567543,0.2544816,0.2585029,0.2623616,0.2649232,0.2666565,0.2716579,0.2788262,0.2871402,0.297098,0.3045392,0.3033501,0.3097608,0.3094119,0.3104386,0.3167796,0.3213215,0.3217765,0.3224623,0.3228545
