Area,1981,1982,1983,1984,1985,1986,1987,1988,1989,1990,1991,1992,1993,1994,1995,1996,1997,1998,1999,2000,2001,2002,2003,2004,2005,2006,2007,2008,2009,2010,2011,2012,2013,2014,2015,2016,2017,2018
World,233896.4,212441.3,200592.6,217998.2,213221.6,217426.1,252852.8,319109,363546.255,392743,421587.6,447215,465538.7,512207.07,583021,622661.8,687710.7,680522.2,690792.5,772146.8,731026,693254.8,723792.1,816546.2,904308.3,1036986.2,1162694.9,1300121.4,1056913,1277490.9,1482483.562,1545802.444,1578430.876,1620483.863,1504571.727,1453698.696,1545605.008,1664237.796
Advanced Economies,149175,136737.2,138385.9,151853.7,150408.9,159099.6,188555.7,238099.1,271533.921,295424.7,308045.8,314766.2,326041.1,359299.3,415186.1,434498.1,467287.8,456752.9,475353.4,522147.5,487117.9,459143.1,478270.4,533218.7,579194.9,647878.5,716960.1,771937.5,615425.4,725025.1,822716.5414,837061.3687,838651.3261,864959.599,814098.78,791126.6728,838543.373,913524.682
Euro Area,44888.9,41971.9,38062.2,38505.2,37965.6,41901.3,46926.3,57934.7,66650.316,75463.9,81665.3,80932.5,73095.7,77824.4,91009.6,92332.4,100816,106050.8,108545,118224.9,114439.4,107084.2,113405.4,128616.3,138916.9,158087.2,183407.1,205219.9,163575.7,178674.1,199050.0098,196345.6019,201520.6584,207294.6871,202777.3016,201668.7186,211392.3792,234121.519
Austria,484,370.7,370.9,374.9,441.2,463.9,548.7,740.2,872.806,873.3,1055,1257.3,1325.5,1372.6,2016.8,2009.1,2073.5,2506.2,2320.8,2570.3,2625.5,2423.8,1792.6,1957.8,2597.5,2986.5,3172,2649.2,2538.5,2427.5,2893.301793,3419.658018,3519.769022,3824.767135,4025.939053,3796.833941,4264.317733,3569.042909
Belgium,,,,,,,,,,,,,,,,,13430.8,13918.1,12597.4,13873.8,13523.7,13342.7,15217.9,16876.6,18604.7,21347.1,25292,29026.4,21629.8,25551.2,29990.46387,29438.36097,31927.68711,34789.50231,34114.71665,32270.99571,29910.72813,31415.75278
Belgium-Luxembourg,5764.4,5229.2,5049.1,5301.1,4917.7,5399.1,6189.4,7374.9,8656.484,10448.4,10695.1,10050.4,10231.4,11172.3,12833.5,12761.7,,,,,,,,,,,,,,,,,,,,,,
Cyprus,82.5,86.4,54,73.7,45.2,53.6,197.2,117.5,108.558,129.6,119.3,165.6,137.8,208.8,257.9,256.8,243.6,162.9,185.2,185.7,268.1,193.3,327.1,96.4,83.7,240.2,168.8,217.5,160.8,134.3,97.699749,166.867197,143.223588,151.660136,101.825062,185.233744,79.724454,131.271971
Estonia,,,,,,,,,,,,,54.2,33.3,139.1,83.3,47.7,87.1,158.1,87.6,57.9,81.5,120.7,133.4,145.6,221.1,242.3,225.4,183.2,187.9,309.6028,235.98612,293.176508,308.459601,288.715606,256.972976,274.103036,346.905822
Finland,613.4,489.6,412.9,349.8,437.7,381,514.4,760.8,969.209,1125.6,950.9,786.6,847.1,1069.1,1248.5,2438.3,1741,1915.1,1663.5,1589,1553.8,1536.8,1713.8,2066.5,2248,2648.1,3133.1,3761.6,1665.6,2181.2,3158.720581,2566.206117,2349.033238,2150.160952,1572.494084,1576.802507,1528.350396,1872.587309
France,7340.5,7110.2,5961.3,6036.7,6095.6,7215.9,7943.3,10044.6,11589.264,13652.2,15372.1,14581.2,13272.5,13631.4,14250.1,14430.9,16581.5,18071.2,18841.7,20398,20124.9,19347.4,17393.7,21557.1,22537.8,24385.7,27819.6,29949.1,27044.8,27777.4,28864.1984,31938.78905,33873.91947,32449.89996,31455.08185,32438.85681,34198.15682,37361.04335
Germany,10276.6,9291.3,8736.9,9083.9,9049.3,10560.6,11747.7,14269,16882.869,18752.1,21316.5,21235.8,18956.9,19236.8,22376.3,23473.9,24466.8,26641.9,26990.7,29216.7,30113.9,26628.5,28847.9,31380.8,34149.2,41319.6,49652,54732.3,43298.4,48201.2,49294.18942,48802.96888,47361.9906,49363.33525,49946.65121,49361.98367,53492.75779,57653.80755
Greece,675.5,721.4,503.3,456,497.8,430.2,401.8,644.3,706.39,764.5,1036.3,896.4,883.9,829.9,1519.1,819.9,953.6,1354.9,1070.5,1251.3,1295.7,1152.7,1191.3,2063.2,1190.3,1554.1,2111,1931.8,2475.6,1106.8,1130.969963,804.136728,739.038829,773.18686,729.533949,720.430154,961.973901,1047.678173
Ireland,1024.8,983.2,1115.5,1354.7,1341.8,1433.9,1810.5,2165.4,2493.692,2539.1,2683.1,2853.1,2731,3415.5,4094.8,3659.7,4641.2,5653.1,6331,7723.2,7149.6,6749,7698.5,8165.9,9335.3,8515.4,9010.8,8652.8,7516.4,7272,7657.624847,7392.737072,6632.32158,7806.415892,8945.716238,9555.690933,10736.56347,10686.90073
Italy,5359.9,4616.2,3907.5,4374.8,4625.2,4838.3,5529.8,6680.6,7206.611,7987.2,8579.2,8698.1,6460.2,7195.5,8868.1,8791.5,8982.3,9036.7,10085.7,10925.8,9922.7,10097.6,10578.8,10719,11541.4,12587.8,14173.5,15497.3,12248.3,14198.6,16041.79062,16103.27369,16758.19406,16976.75112,16256.40195,16757.9661,18323.12218,23153.30178
Latvia,,,,,,,,,,,,54.5,89.5,101,89.4,165.1,219.2,186.9,227.1,141.7,110.7,91,123.8,120.8,176.9,245.4,381.1,394.3,288.8,344.7,585.962167,514.791562,494.564967,428.178394,294.810894,257.597822,381.854564,510.373928
Lithuania,,,,,,,,,,,,44.4,56.8,41.2,52,63,87.3,62.3,68.4,63.3,99.9,103,162.6,294.8,388.5,566.8,720.3,831.3,408.1,628.9,1141.936078,756.983833,854.296813,681.146395,528.099017,463.516759,609.111396,707.553374
Luxembourg,,,,,,,,,,,,,,,,,711.9,606,1011.6,562.5,550.3,480.2,279,705.5,782.4,579.8,1002.8,1065,1292,1441.7,1585.845119,1903.143233,1848.801276,1516.206927,1402.764991,1448.488447,1078.624782,1025.792879
Malta,32.7,47.7,64.9,23.3,26.2,24.5,96.9,101.5,47.845,45.4,56.3,57.6,171.7,87.6,106.5,124.9,119.7,268.4,192.6,337.1,259,210.3,201.6,182.1,193.7,162.6,207.1,253.6,192.7,423.7,752.427011,390.983065,563.593854,917.586514,471.49501,250.541485,299.293714,200.724381
Netherlands,8594.6,8603.9,7767.4,7554.4,7269,7847.5,8216.8,10070.7,11392.763,13015.8,13528.1,13740.2,12839.4,13590.9,16559,16614.4,19821.6,19003.9,19373.5,21693.6,19524.7,18334.3,20703,24286.3,26495.6,31101.7,32986,40223.1,32347,34997.7,42227.11902,40618.28651,42507.09234,43075.16753,40706.21936,40377.06646,42230.483,49390.54124
Portugal,1083.6,839.2,1213.4,960.6,694.5,638,581.4,759.3,926.252,922.3,791.9,1023.9,734.8,1054.4,898.5,960.6,955.2,887.6,1116.3,981.8,1258.4,862.7,863,1046.2,1129.3,1470.7,2478.4,2645.8,1085.2,1065,1315.990308,1097.095847,844.371854,1135.634789,939.754154,948.179725,1193.272314,1463.64013
Slovak Republic,,,,,,,,,,,,,30,42.7,54.5,62.6,82.2,110.6,124.6,123,70,92.8,115.3,131.7,149.6,510.5,679.9,570.9,208.3,256.2,302.411668,335.549229,295.818376,445.139375,380.809988,293.199916,442.840459,289.606762
Slovenia,,,,,,,,,,,,,92.2,96.4,116,130.8,113.1,123.2,109.5,144.2,119.7,130.9,139.5,191.8,233.6,238.9,297,309.5,241.4,327.9,668.166646,307.877888,269.533867,301.218759,367.377996,335.211736,372.18317,319.473585
Spain,3556.4,3582.9,2905.1,2561.3,2524.4,2614.8,3148.4,4205.9,4797.573,5208.4,5481.5,5487.4,4180.8,4645,5529.5,5485.9,5543.8,5454.7,6076.8,6356.3,5810.9,5225.7,5935.3,6640.4,6933.8,7405.2,9879.4,12283,8750.8,10150.2,11031.58979,9551.906914,10244.23104,10200.26915,10248.89448,10373.14968,11014.91789,12975.52031
Australia,5242.3,4533.8,3954.2,4792.5,5440.4,5551.1,5494.8,6964.8,8347.024,8601.5,8415.4,8912.5,8271.6,9780.8,10788.4,11991.7,12040.7,11929.7,11343.6,12331.8,10944.9,13084,13104.1,14270.9,15771,17782.3,19206.8,22456.8,19604.4,21806.9,27626.54758,31161.8786,26123.00531,26582.84977,25038.66599,22224.91069,24601.34867,25306.45148
Canada,39564.4,33720.3,38244.1,46524.2,47251,45332.5,59814.3,69684.2,78266.158,82959.3,85146.3,90156,100190.5,114254.7,126024.2,132584,150124.2,154152,162956.4,174615.6,163724.5,160799.1,169480.7,187713,211420.2,230256.7,248437.2,260914.3,204728,248194.2,281291.5308,292650.5341,300754.869,312420.805,280016.6503,265960.6453,282116.4865,298901.0503
"China,P.R.: Hong Kong",2635.6,2452.8,2563.4,3062.4,2785.9,3030,3983.1,5656,6303.966,6840.6,8140.5,9068.7,9872.9,11445.1,14220.4,13955.7,15114.9,12923.5,12726.8,14567.3,14072.4,12611.5,13542.1,15809,16322.5,17778.6,20120.7,21633.3,21118.3,26569.1,36398.78463,37471.8091,42340.17374,40857.86058,37174.29601,34907.97556,40024.32897,37459.61992
"China,P.R.: Macao",0.9,13.6,0.5,1.9,1.1,2.6,5.4,6.4,10.78,7.5,10.5,18.9,28,17.6,29.5,29.9,67.3,40.9,43.7,69,71.2,79.1,54.6,85.6,101.6,200.3,226.4,306.7,209.2,225,291.499829,345.460636,351.203334,433.412019,542.277758,631.829462,501.277546,601.783749
Czech Republic,,,,,,,,,,,,,266.1,297.3,362.7,382,591.5,568.4,606.2,819.2,706.6,654.2,672.3,822.1,1051.5,1123.1,1262.4,1378.3,969.8,1415.5,1684.705096,1832.279706,1943.335903,2302.415438,1978.498784,1934.066621,2274.888338,3003.63903
Denmark,887.4,732,648.9,605.2,705.7,757.9,486.3,968.7,1051.997,1311.5,1572.3,1476.6,1092,1215.2,1517.4,1729.8,1758.5,1874.2,1777.6,1606.5,1610.7,1496.1,1548.3,2147,1913.3,2268.3,2927.4,2712.1,2058.5,2125.3,2247.948078,2224.454815,2231.06739,2360.710141,2224.108815,2238.726943,2216.287317,2558.913897
Iceland,71.3,77.3,53,50.7,38,60.3,83.7,98,178.814,231.8,156.4,119.1,149.2,112.1,170.4,257.1,179.4,236.5,294.5,253.8,225.6,219,242.2,308.3,510,365.9,629.6,469.6,349.5,324.9,628.054455,370.820354,513.396893,364.460684,388.610319,467.2952,396.783183,644.22351
Israel,2520.8,2271.1,2019.1,2194.3,2579.6,2239.2,3130.2,3222.8,2831.153,3200.4,3856.3,4074.3,4420.3,5006.1,5592.7,6009,5993.2,6977.5,7645.6,7674.6,7482.3,7039.4,6878.4,9198,9732,10964.5,13018.8,14486.3,9568,11271.4,13961.6161,14273.49843,13742.18808,15083.04496,13561.51767,13197.07701,12543.77842,13715.24586
Japan,21823,20966.1,21894.3,23574.9,22630.9,26881.6,28248.6,37619.6,44583.914,48584.8,48146.5,47763.7,47949.5,53480.7,64298,67535.7,65672.7,57887.9,57733.4,64537.6,57639.1,51439.6,52063.7,54400,55409.6,59649.3,62664.9,66579.2,51179.7,60545.4,65799.73671,69975.78686,65216.08751,66827.39751,62471.83128,63264.25753,67695.89226,74966.71604
"Korea, Republic of",5115.7,5528.9,5925,5982.8,5956.3,6355,8098.7,11257.3,13478.027,14398.7,15518.4,14630.1,14776.2,18028.3,25413.1,26582.9,25066.6,16538.2,22165,27337.6,22196.7,22595.8,24098.6,26333.4,27670.1,32455.3,34702.8,34807.4,28640,38843.9,43461.63604,42282.56521,41686.58835,44471.32783,43498.71037,42266.34516,48276.64235,56344.30579
New Zealand,921.9,897.1,619.9,708.1,727.5,880.6,818.5,943.1,1117.494,1133.3,1009.1,1307.3,1247.3,1508.2,1692.9,1726.8,1956.7,1884.6,1926.2,1983.8,2134.4,1814.3,1848.7,2075.6,2647.5,2928.5,2813.3,2570,2160.5,2820.8,3581.197846,3228.539259,3225.57512,4257.69624,3634.121636,3585.365802,3924.882345,4067.162136
Norway,891.9,949.8,812.9,859.4,665.9,937.4,841.9,928.6,1036.235,1280.7,1490.7,1280.8,1211.4,1269.4,1294.3,1558.8,1721.4,1710.1,1436.2,1573.2,1839.1,1407.7,1470.5,1604.5,1934.8,2401,3053.7,3402.4,2753.1,3107.4,3631.708911,3501.285199,4618.335583,4424.976759,3598.493916,3925.697632,5298.54488,5457.238702
San Marino,,,,,,,,,,,,,,,,,,,,,,,,,,,,,,,,,,,,0.98,1.862075,1.567197
Singapore,3003,3213.9,3758.9,3674.5,3475.6,3380.3,4052.7,5738.9,7352.649,8019.1,8807.8,9620.4,11675.6,13021.6,15318.2,16685.6,17727.4,15673.3,16347.5,17497.2,17691.7,16221.1,16575.8,19600.8,20646.5,24683.1,26284.5,28809.7,22278.6,29149.8,31282.36302,30523.21454,30666.8743,30237.31618,28656.69757,26868.46015,29753.08353,33141.03799
Sweden,1841.6,1689.6,1581.3,1542.1,1924.9,1870.7,1893.5,2693.4,3212.017,3403.6,3288,2844,2353.7,2519.7,3076.6,3428.7,3315.5,3819.3,4133.9,4483.6,3547.8,3154.1,3225.5,3265.3,3709.4,4126.2,4493.9,5084.3,4563.5,4706.1,5265.007755,5247.930905,4318.357876,4339.993685,3931.95435,3817.261924,3730.229993,4483.024828
Switzerland,3022.4,2706.9,2960.3,2562.5,2287.7,2976.5,3150.9,4124.8,4924.358,4944.3,5567.8,4548.4,6815.5,5607.8,6255.9,8379.4,8319,7258.7,8295.6,9377.8,9842.1,7796.4,8675.9,9278.5,10759.9,14391.9,17055.7,22052.6,17522.4,20721.3,24548.58867,26428.12701,26581.22488,22207.01981,22323.411,22725.8308,21711.20398,22280.03767
Taiwan Prov.of China,4304.8,4367.4,4666.7,5003.4,4700,5524.3,7413,12010.3,11322.927,11559.7,13191.1,15204.8,16249.8,17077.5,19294.9,18412.7,20387.9,18157.1,18905.2,23833.4,18151.6,18394.4,17487.9,21730.7,22049.5,23023.3,26358.6,25279.5,18432.5,26027.3,25932.49764,24337.09772,25470.28762,26670.19572,25928.69771,26045.0555,25754.35109,30242.78957
United Kingdom,12439.1,10644.7,10621.2,12209.6,11272.8,11418.3,14113.8,18247.5,20866.092,23484,22063.4,22808.1,26375.8,26832.8,28826.9,30915.9,36434.9,39070.2,38471,41360.6,40797.8,33253.1,33895.7,35959.7,38628.6,45393,50296.3,53775.1,45713.7,48496.7,56033.10835,54860.48436,47348.09687,53823.42959,56352.93498,55396.08291,56328.78889,66228.17159
Vatican,,,,,,,,,,,,,,,,,,,,,,,,,,,,,,,,,,,,0.09,0.333448,0.18383
Emerging & Dev. Countries,83444.1,74975.1,61778.9,65637.1,62374.4,58177.3,64157.4,80587.4,91510.719,96406.1,113113,132155.9,139149.4,152650.37,167257.7,187529,220068.1,223348.7,215042.9,249685.9,243638.8,233678.1,245067,282680.1,324524.4,388635.6,444857.9,527230.7,440719.7,551717.5,659168.9109,708089.6639,739233.4863,755201.0692,690287.8613,662322.9225,706778.4507,750437.2321
Emerging & Dev. Asia,11950,12065,10779.4,11425.5,10863.4,10486.4,11548.9,15353.7,17856.842,18801.2,21110.2,24725.9,29299.3,31600.9,40493.3,43053.7,48081.9,42471.2,40814.6,49664.2,50012.8,52698.1,62836.4,69980.1,79809.8,98976.6,118353.2,130940.3,119013.3,154012.5,173495.4422,180029.0448,193880.5655,196041.6531,186271.7651,187767.0018,206785.734,210297.2008
Bangladesh,157.6,226.7,189.9,303.3,218.9,164.9,193.1,258.2,281.645,181.6,178.5,187.9,245.2,233.4,324.6,209.6,259.1,317.6,272.9,239.6,307.8,269,226.5,289.3,319.1,332.4,456.3,468,434.8,577.2,1144.148134,508.180705,708.81608,1113.364427,948.08417,895.37219,1464.573499,2109.777902
Bhutan,,,,,,,,,0.397,0.4,0.3,0.8,0.2,0.2,0.4,0.1,0.5,2.6,0.7,0.8,0.7,0.8,1,2.1,3,3.2,4.2,4.1,2.7,3.6,3.838631,2.488897,2.351165,2.422028,2.64104,1.976204,2.548776,55.897123
Brunei Darussalam,45.1,78.9,57.6,34.4,50.6,201.9,92.7,77.8,63.024,139.4,162.3,453.1,478.2,376,189.6,375.2,178,123,69.1,144.5,103.9,46.5,35.6,49.3,49.7,48.1,139.7,111.5,100.3,124.2,184.371635,157.609639,558.298747,549.203022,133.416784,614.919584,121.142982,266.70706
Cambodia,11.6,1.6,2.4,1.1,,0.1,0.1,,0.032,,,16.1,18.2,7.4,26.9,21.4,18.3,10.9,18.5,30.1,29.8,29.2,57.8,58.7,69.6,74.5,138.8,154.1,127.2,153.5,186.568289,226.40453,241.226173,327.933341,392.368263,361.638031,399.96657,446.599955
"China,P.R.: Mainland",3602.7,2912,2173.1,3004.3,3855.7,3106.3,3497.3,5016.8,5807.367,4807.2,6287.1,7469.6,8767.1,9286.9,11748.5,11977.9,12805.4,14258,12943.6,15963.7,19234.9,22052.7,28418.5,34721,41836.7,55224,65238.4,71457,69576,91878.3,104121.5236,110516.6157,121721.1489,123675.6674,116186.2623,115775.1228,130369.5296,120341.4256
Fiji,,,,,,,,15.3,20.774,24.9,18,59,26.8,118,31.8,27.5,32.6,34.1,125.9,23.6,19.4,16.9,19.6,25.3,28.1,32.6,30,55.1,31,44,42.62853,55.608118,66.935699,79.515154,57.422098,55.009162,66.136091,104.997657
French Polynesia,23,21.5,28.9,6.6,,6.4,2.3,86.7,73.926,70.2,79.7,81.8,102.4,71.7,82.3,88.2,105.9,99.8,94.6,92.5,83.2,78.8,91.5,93,111.7,108.2,124.3,130.5,112.8,121.9,126.618809,129.855209,126.287434,129.544341,120.111999,100.477868,119.380346,287.920181
Guam,,,,,,,,,2.229,,,,,,,,,,,,,,,,,,,,,,,,,,,,,
India,1747.6,1598.5,1827.9,1569.7,1641.9,1536.2,1463.6,2490,2463.184,2486.4,2002.7,1914.4,2767.3,2296.3,3295.8,3317.9,3615.6,3544.8,3666.7,3652.7,3764.2,4098,4986.4,6095,7957.9,10091.3,17592.4,18666.4,16462.4,19222.8,21542.18438,22105.73786,21811.3513,21607.50271,21529.61222,21688.96273,25700.46158,33120.07988
Indonesia,1301.8,2024.7,1466.1,1216.6,795,946.1,767.3,1046.7,1256.343,1897,1891.9,2778,2921.8,2811,3395.2,3964.9,4531.6,2290.9,1925.2,2478.8,2500.2,2581,2520.1,2669.1,3045.2,3078.1,4234.6,5913.1,5106.4,6942.7,7421.405814,7997.976489,9096.784624,8284.067499,7122.875072,6037.495165,6870.593816,8227.696966
Kiribati,,,,,,,,3.4,15.524,19.1,27.4,35.5,30.7,23.5,2.3,4.1,2.8,2.9,6.9,4.3,5.9,3.7,1.4,1.4,2.2,1.3,1.3,7.3,0.7,9.3,17.667015,4.605948,6.983607,3.293815,7.320835,1.15178,4.928546,4.442645
Lao People's Dem.Rep,0.3,0.4,0.1,0.1,0.2,,0.2,0.6,0.341,1,0.8,0.9,4.7,5.5,1.6,3.6,2.6,3.5,1.1,4.3,3.6,4.2,4.5,6,9.8,6.7,13.3,18.3,20.5,12.1,26.084818,33.494345,24.400348,28.484907,24.584007,30.881263,25.67166,15.055031
Malaysia,1536.9,1736.2,1683.9,1855.8,1539.2,1729.6,1896.6,2140.8,2874.871,3424.7,3901.9,4395.9,6064.5,6964.5,8818.3,8521.1,10827.7,8953.6,8839.3,10829.6,9380.2,10348.1,10920.4,10896.5,10450.9,12550.1,11679.8,12963,10401.5,13981.9,14264.01983,12817.72318,13006.57356,13068.41309,12292.5513,11866.91373,12826.16706,12864.62512
Maldives,,,,,,,,,2.728,0.3,1.3,1.6,0.9,1,1.1,2.4,5.5,4.7,8.4,5.9,6.5,4.2,6.5,10,9.2,17.6,19.3,20.3,17.3,28.4,44.835389,30.051856,28.778952,28.985734,35.187022,31.053994,34.279777,37.719785
Marshall Islands,,,,,,,,,,,,,,,,,,,,,,,,,,,,,,,,,,,,42.23,297.28897,290.066444
Micronesia,,,,,,,,,,,,,,,,,,,,,,,,,,,,,,,,,,,,7.98,35.6949,46.814194
Mongolia,,0.3,0.1,,,,0.8,,0.004,,12.3,2.3,16.5,7,13.9,4.3,34.1,20.2,7.2,17,12.1,66.2,20.8,28.2,21.8,23,26.1,57.2,40.7,114.9,315.176816,664.955251,279.573362,167.465762,69.356285,55.60797,81.430374,120.919707
Myanmar,34,33.9,15.4,15.9,9.8,16,7.8,10.6,4.722,20.1,23.8,4.1,12.4,11.1,16.1,32,20,32,12.1,17.1,11.5,10.5,6.8,11.5,5.3,7.6,8.6,10.7,7,9.8,48.949883,65.765942,145.830603,92.856414,227.309857,155.301707,211.368799,263.565281
Nauru,,,,,,,6.3,,0.147,0.2,,0.2,86.6,0.1,0.5,,1,0.8,0.9,5.9,4.2,2.9,1.9,0.7,1.6,3.7,8.1,11.1,3.5,2.4,0.499196,2.20892,0.758585,0.812299,1.73365,0.499267,0.198927,0.796958
Nepal,7.4,6.2,7.5,3.9,7.3,7.7,55.6,64.3,8.802,9.7,6,5.1,5.4,7.5,9.8,8.4,26.8,15.6,22,27.3,14.1,19.9,16.3,25.1,24.7,16.6,28.9,28.9,30.9,28.3,40.354262,37.013899,32.51373,36.272183,36.478744,40.556922,75.716663,55.468425
New Caledonia,,,,,,,28.4,27.3,64.581,34.3,44.3,36.1,22.5,27.3,22.3,28.6,34.3,19.2,27.1,19.7,25.2,36.7,43.2,45.3,38.3,43.8,57.8,89.2,77.9,108.5,115.33995,75.103196,72.873939,121.189334,88.555105,65.852019,59.3599,63.929746
Palau,,,,,,,,,,,,,,,,,,,,,,,,,,,,,,,,,,,,3.75,15.07843,20.61354
Papua New Guinea,55.2,66,83.6,52.9,40.6,51.4,50.8,113,121.476,54.1,95.9,71.4,50.5,65.2,51.4,69.2,116.7,65.4,41,24,22.3,23.3,30.2,42.6,55.3,43.8,65.7,69.9,217.8,191.7,304.028723,391.381919,166.733845,143.241059,207.498801,126.810774,105.824949,86.711959
Philippines,1787,1853.5,1807.1,1766.4,1379.3,1363.3,1599.2,1875.5,2206.34,2471.5,2269.2,2753.1,3529,3888.4,5294.2,6124.8,7427.4,6736.1,7183.3,8677.1,7664.5,7270.2,7992.1,7072.1,6892.9,7617.2,7712.8,8313.7,5772.7,7375.5,7727.870939,8087.361107,8403.535537,8453.324276,7908.848137,8263.167036,8466.93377,8706.811342
Samoa,17.8,3.2,4.7,3.6,1.8,2.1,2.6,4,3.859,4.4,6.3,72.8,10.4,7.2,7.4,11.8,10.9,9.7,11.6,64.3,70.1,7,11,12.1,14.6,18.4,16.7,13.2,18.5,19.2,23.786831,24.702919,28.394642,22.948737,22.693396,27.936764,38.333446,39.054159
Solomon Islands,,,,,,,7.6,5,5.817,6.4,4.5,53.9,2.6,1.1,2.7,7.1,2.1,2.9,1.7,5.8,7.4,1.8,1.9,2.6,2.3,5.7,5.5,5.2,6.1,5.2,6.056589,7.254847,8.933554,6.599026,5.861309,9.894278,9.303881,11.720226
Sri Lanka,90.4,198.4,75.1,92.1,72.8,66.2,77.2,126.4,143.327,137.4,120.8,177.8,203.2,197.5,278.7,211.3,154.6,190.1,167.5,208.6,183.2,171.9,154.6,163.8,197.5,236.7,227,283.3,229.5,178,303.547816,223.950414,311.911749,350.340359,372.123531,407.105982,336.25559,372.15835
Thailand,1170.3,914.8,1063.1,1112.6,849.1,935.9,1544.1,1891.8,2292.137,2991.5,3757.6,3982.4,3768.5,4861,6401.8,7211.4,7357.2,5233.3,4969.1,6537.8,5995.2,4859.6,5841.8,6363,7233.1,8152.4,8444.9,9066.8,6920.7,8974.4,10929.87303,10887.80259,11797.15211,11809.76636,11246.97112,10572.766,10837.11473,12588.29086
Timor-Leste,,,,,,,,,,,,,,,,,,,,,,0.1,0.5,9.8,8.6,11.5,10.8,5,2.1,4.4,8.146198,1.143436,1.365128,1.286987,2.690584,1.621227,,
Tonga,,,,,,,,3.8,6.169,6.2,5,5.9,5.4,5.9,7.5,6.2,7.3,11.8,6.5,7.7,4.8,11.2,5.7,7,9.8,10.4,13.2,13.7,13,20.6,19.269574,26.892624,19.238838,20.03182,13.802348,15.155035,16.611208,24.125609
Tuvalu,,,,,,,,,,,,2.2,1.5,0.1,0.3,,,,,,,,,0.4,,,,0.1,0.1,0.5,0.724161,0.612146,0.56026,0.5919,0.625636,1.136343,0.866674,1.359004
Vanuatu,,,,,,,,1.7,0.529,5.9,1.1,1.3,1.1,1,1.1,0.7,0.5,40.4,8,1.4,0.8,0.6,1.4,9.3,9.1,9.1,23.9,63.9,3.9,18.8,5.152275,99.515739,34.439495,21.185729,5.867876,7.849171,7.895169,10.308509
Vietnam,10.3,32.1,20.7,22.1,20.2,30,23.3,15.4,10.516,7.3,3.6,4.5,6.9,172.1,252.9,616.2,277.8,274.1,294.8,347.1,460.9,580.3,1324.4,1163.4,1191.7,1100.2,1902.7,2789.9,3107.6,3710.2,4315.22042,4622.882579,5036.284885,5734.356953,7071.698514,10151.31528,8163.514967,9683.740424
Asia n.s.,351,356.1,272.2,364.1,381,322.3,232,78.6,126.031,,207.9,158.2,148.8,153,214.3,207.8,225.6,173.2,88.9,233,96.2,102.8,94,106.5,210.1,108.4,128.1,149.8,167.7,150.2,205.550631,224.144873,140.528631,160.986388,137.213105,349.491612,21.562398,27.801092
Europe,5533,4796.2,4135,5735.6,5043.8,3661.2,4359.8,5935.7,7761.877,7055.1,7608.3,8327,9250.6,7767.87,8371.2,9647.1,10588,10232.7,8361.1,9088.1,9197.1,8932.7,9153.3,11439.3,13792.6,17365.8,23728.5,34891.6,21759.7,27286.2,37368.10947,39473.46408,39081.71665,37195.371,28283.50004,27700.6246,30028.03723,32349.86075
Emerging & Dev. Europe,3101.4,2203.6,2132.1,2451.6,2621,2413.6,2880.1,3152.3,3439.09,3967.5,4014.2,4770.6,5399.5,4374.37,4524.7,4837.4,5890.8,5584.1,5125.1,5753.3,5352.3,5084.2,5451.1,6593.7,7914.9,10275,13072.6,21053,13550.6,18113.7,24416.5682,24141.23591,22865.92585,21658.46423,18618.65817,18232.2634,19314.5623,21140.5594
Albania,6.1,17,4.2,9.4,11.9,4.5,3.4,7.3,5.285,10.2,17.8,36.2,34.4,16.3,13.2,12.1,3.1,14.8,21,19.4,15.2,15.1,9.8,20.1,18.5,27.7,34,40.1,47.5,46.6,47.562162,54.08229,74.364825,51.280186,30.82444,50.442161,62.264117,59.247055
Bosnia and Herzegovina,,,,,,,,,,,,,15.2,39,28.3,58.4,102.3,40.1,44.1,42.5,43,31.9,21.1,27.6,17.6,51.4,20.2,34.1,21.2,26.2,21.331785,15.869518,38.481079,46.080139,27.548244,29.774787,27.593176,46.60245
Bulgaria,258.3,106.4,65.8,43.9,104,96.5,88.7,127.3,181.005,84.3,142.1,85.9,115.3,109.9,131.8,137.6,104.5,115.2,136.8,107.7,109.9,101.4,155.8,171.8,268.1,293,306.1,509.3,224.8,169.9,258.589821,248.545279,307.323074,358.77689,289.474255,269.079323,381.91096,370.281419
Croatia,,,,,,,,,,,,,102.4,146.9,140,105.9,138.7,96.7,115.3,91.4,109.7,78.3,196.8,130.2,158.5,146.6,246.9,466.8,203.2,311.8,511.383383,310.054427,308.961839,339.592081,331.933146,285.673755,444.23673,615.149296
Czechoslovakia,82.5,83.7,59,58.4,62.8,92.5,47.2,55.1,53.682,89.2,124.1,413.2,2.8,,63.8,,,,,,,,,,,,,,,,,,,,,,,
Faroe Islands,,,,,,,406.4,4.1,0.621,0.8,2,3,0.4,0.2,0.3,1.6,0.7,3.2,,3.4,19.9,4.8,13.5,9.2,2.4,4,2.8,14.4,9.9,2,3.560628,1.627283,2.453563,2.360974,2.336863,2.574627,2.032528,2.409486
Gibraltar,53.2,47,27.5,3.9,12.5,32.5,3.9,6,2.332,31.9,10.4,11.4,8.8,23.1,18.4,11.8,8.7,8.8,4.3,15.1,10.4,25.6,14,137.9,163.3,301.4,594.1,2640.8,1559.8,1845.7,3148.591117,5109.05846,3576.385347,2530.894164,2005.485321,1771.706803,1131.110616,1290.154123
Hungary,78,68.4,110.4,88.2,94.5,98.1,95.2,77.8,121.608,156.7,256.4,294.8,434.1,308.77,295.5,330.7,485.7,482.4,501,569.7,686.5,688,934.1,1142,1021.5,1188.2,1291.7,1431.2,1231.6,1290.4,1479.338284,1566.156776,1726.910687,1842.809285,1714.321978,1842.735941,1889.597404,1751.646038
Kosovo,,,,,,,,,,,,,,,,,,,,,,,,,,,,,5,11.2,15.572116,20.832234,14.544129,16.343893,19.743318,18.345452,8.716895,18.886355
"Macedonia, FYR",,,,,,,,,,,,,11.3,14,21.3,14.2,33.8,14.9,52.5,65.5,33,18.7,26.3,21.4,31.5,22.6,33.5,36.1,34.9,33.6,29.456706,21.1175,54.778259,33.850337,30.941352,45.784463,40.436948,41.37101
Montenegro,,,,,,,,,,,,,,,,,,,,,,,,,,,45.3,53.1,36.6,14.5,17.673009,12.397402,21.683955,18.179413,11.133957,16.716983,7.036413,63.343263
Poland,681.6,295.4,323.7,318.3,237.9,151,238.8,301.6,414.035,406.5,458.2,636.8,916.4,625.3,776.3,967.8,1170.5,881.7,837.6,766.6,788.3,687.1,758.7,927.8,1266.5,1960.5,3122.6,4131.4,2304.9,2980.1,3143.110865,3346.364002,3778.190993,3660.284515,3718.121551,3661.005994,4527.490784,5413.47102
Romania,504.3,223.9,186.3,248.5,208.1,251,192.8,202.2,155.55,369,209.1,248.3,323.5,337,256.2,266.1,254.3,339.7,188.8,260.3,374.6,248.5,366.7,501.8,631.7,550.1,680.4,1048.7,671.5,730.9,918.551681,832.745398,746.523107,977.462223,754.360106,714.064953,948.13687,1108.24119
"Serbia, Republic of",,,,,,,,,,,,,,,,,,,,,,,,,,,109.6,207.2,110.6,104.2,126.632272,127.658133,141.97344,135.109189,126.106528,145.185722,93.179332,165.737607
Serbia and Montenegro,,,,,,,,,,,,,,,,45.1,49,74,58.2,34.2,55.2,78.1,50,142.9,61.2,,,,,,,,,,,,,
Turkey,789.2,867.9,783.5,1249.1,1294.6,1159.5,1482.4,1839.7,2003.764,2253.1,2423.6,2729.9,3433.7,2753.5,2727.3,2886.1,3539.5,3512.6,3165.5,3777.5,3106.6,3106.7,2904.3,3361,4274.1,5729.5,6585.4,10439.8,7089.1,10546.6,14695.21437,12474.72721,12073.35156,11645.44094,9556.327109,9379.172434,9750.819527,10194.01909
"Yugoslavia, SFR",648.2,493.9,571.7,431.9,594.7,528,321.3,531.2,501.208,565.8,370.5,311.1,1.2,0.4,52.3,,,,,,,,,,,,,,,,,,,,,,,
CIS,2431.6,2592.6,2002.9,3284,2422.8,1247.6,1479.7,2757.2,4271.218,3087.6,3577.6,3540.8,3836.6,3388.7,3747.9,4785.2,4675.7,4626.1,3227.5,3324.9,3836.6,3837.5,3694,4833.9,5867.3,7081.8,10641.5,13822.7,8199.5,9164.3,12946.37999,15329.9898,16209.99389,15533.11733,9661.431549,9465.52176,10710.08344,11205.68195
Armenia,,,,,,,,,,,,24.8,77.6,74,70.3,57.4,62.2,51.4,47.8,55.9,50,111.8,102.8,90.5,65.4,80.5,110.5,151.5,76.9,113.3,94.316257,64.299297,91.221471,60.47104,50.241149,43.67242,54.872533,46.996547
"Azerbaijan, Rep. of",,,,,,,,,,,,0.3,92.4,27.5,35.9,53.9,62.2,122.9,69.3,210.2,64.5,69.6,121.2,158.8,132.4,231,177.5,238.9,222,253.3,337.884996,492.623482,381.001974,950.264996,469.841731,434.22347,354.480673,313.38486
Belarus,,,,,,,,,,,,,92,46.5,47.8,53,40.7,30.3,26.2,32,34.9,19,84.2,32.5,34.8,74.4,101.7,134.6,137.2,133.4,156.543879,102.025447,95.141886,93.385923,59.257957,195.019794,72.683559,132.571822
Georgia,,,,,,,,,,,,,47.6,78.8,95.2,82.5,140.7,136.5,66.4,105.7,107,98.9,131.5,226.4,211.6,265.7,364.4,586.5,363.7,300.5,580.009236,541.253019,601.253207,627.537276,341.879041,324.77784,383.427627,478.701092
Kazakhstan,,,,,,,,,,,,14.7,67.7,130.8,65.6,137.9,258.3,103.1,184,127.3,162.7,604.7,168.3,319.5,538.3,646,753,985.6,599.4,737,827.138922,883.647324,1150.149437,1008.95387,508.714694,1111.082559,551.329379,729.219585
Kyrgyz Republic,,,,,,,,,,,,1.9,18.4,6.1,24.6,46.9,28.3,20.5,20.6,22.7,27.6,31.1,39,29.7,31,71,48.7,44.3,51.9,78.4,101.878738,145.49381,106.251152,71.677683,31.649084,19.875395,26.066859,17.021847
Moldova,,,,,,,,,,,,8.9,31.3,23.4,10.2,21.7,19.6,21.9,10.4,28,35.6,30.6,25.1,39.4,40.1,30.3,52.7,66.2,26.9,37.9,39.569462,38.267976,45.602639,35.268886,16.255025,15.086436,18.004764,13.419039
Russian Federation,,,,,,,,,,,,2097.6,2967,2578.7,3065.7,3340.1,3288.7,3584.5,2186,2300.8,2724,2398.5,2450,2958.9,3942.4,4716.9,7365.3,9335.2,5382.8,5968,8318.43925,10695.29138,11144.52579,10752.77251,7086.655834,5797.520847,6987.121082,6667.639313
Tajikistan,,,,,,,,,,,,,11.6,15.1,12.3,17.2,18.6,11.9,13.9,14.3,28.9,33.1,50,55.6,28.9,43.1,52.7,51.5,41.1,56.8,178.246296,54.186972,51.874112,24.503388,18.764486,21.421116,17.918432,14.374735
Turkmenistan,,,,,,,,,,,,,45.5,137.4,34.3,229.1,117.9,28,19.8,72.3,248.5,47.2,34.3,294.4,237.2,112.8,184.7,59.7,310.1,39.9,70.967048,92.019532,261.778552,455.524961,80.585379,106.370738,281.982729,30.903044
Ukraine,,,,,,,,,,,,305,312.2,180.9,222.8,393.7,404.3,367.6,231.6,189.6,205.2,254.9,230.8,398.3,531.7,756.2,1341.6,1868.2,890.1,1344.4,2138.824978,1936.270509,1924.758644,1239.813213,859.580585,1078.488458,1825.938946,2465.070314
U.S.S.R.,2431.6,2592.6,2002.9,3284,2422.8,1247.6,1479.7,2757.2,4271.218,3087.6,3577.6,1035.8,,,,,,,,,,,,,,,,,,,,,,,,,,
Uzbekistan,,,,,,,,,,,,51.8,73.3,89.5,63.2,351.8,234.2,147.5,351.5,166.1,147.7,138.1,256.8,229.9,73.5,53.9,88.7,300.5,97.4,101.4,102.560932,284.611052,356.435025,212.943592,138.006584,317.982687,136.256857,296.379756
Europe n.s.,,,,,,,,26.2,51.569,,16.5,15.6,14.5,4.8,98.6,24.5,21.5,22.5,8.5,9.9,8.2,11,8.2,11.7,10.4,9,14.4,15.9,9.6,8.2,5.161272,2.238367,5.796907,3.789433,3.41032,2.839442,3.391485,3.619401
"Middle East, N. Africa, Pakistan",17583.6,19434.3,17083.7,14669.3,12105.7,10311.2,10461.4,12488.6,13495.97,12959.9,16524.8,18291.2,17847.8,16637.2,17300.8,19739.4,21464.7,21883.5,18627.4,17569.7,17835.1,17401.9,17272,21377.4,29119.7,37705.4,45360.5,55235.2,47328.3,52896.1,61481.02498,69035.68787,74359.00718,73893.21055,70063.69774,67255.13157,64342.69146,64561.633
"Afghanistan, I.R. of",6.5,10,5.1,7.4,3.5,7.6,7.9,5.8,4.781,4.4,2.9,3.7,9.4,5.5,4,16.8,11.4,6.9,18,11.1,6,79.9,60.6,157.6,261.4,417.5,488.7,481.7,1511.5,2152.4,2921.861778,1521.555394,1409.638976,792.389357,499.749292,913.455559,937.320005,1233.900863
Algeria,717.3,909.1,594.4,520.2,430.1,452.9,426.4,727.8,758.485,947.7,727.4,676.5,895,1191,775,631.6,694.9,650.1,469.7,872.9,1047.1,984.5,487.4,972.1,1161,1101.8,1652.5,1243.2,1109,1194.2,1596.975135,1363.163393,1848.703921,2616.993205,1876.462218,2237.088054,1061.188643,1250.222221
"Bahrain, Kingdom of",296.4,219.8,135.9,145.2,107,194.3,204.7,280.7,488.672,718.4,501.1,488.9,653.1,443.2,253.3,243.7,405.6,294.9,357.9,411.1,433,419.2,508.8,300.5,350.7,490.7,591.4,829.5,668.4,1249.5,1214.407158,1176.914298,1017.911665,1059.757847,1274.052619,902.08104,907.20578,2036.542012
Djibouti,7.2,7.4,6.4,8.3,4.6,5.7,3.8,4.6,3.122,7.3,10,10.6,13.2,6.8,9.7,8.1,7.4,20,18.1,16.9,18.6,56,34.4,43.3,47.8,47.8,59.1,140.9,196.7,124.4,129.1755,118.84164,164.483264,110.874793,152.732281,144.988388,162.70055,109.480171
Egypt,2159.3,2875.3,2812.8,2704.1,2322.6,1981.7,2210.5,2325.9,2609.631,2248.8,2720.5,3087.4,2762.6,2843.9,2985.3,3146.2,3840,3059.6,2981.8,3389.9,3778.1,2866,2660.2,3104.5,3168.9,4103.7,5347.1,6030.9,5257.5,6836.7,6228.228507,5498.319529,5175.345787,6472.584576,4748.302936,3506.514284,3983.584418,5056.506525
"Iran, I.R. of",300.3,121.9,190.1,162.1,73.9,34.1,54,73,60.006,126.9,527.3,747.5,616.1,328.8,238.1,0.3,1.1,,47.9,16.6,8.2,27.2,99,85.3,95.7,85,145.7,683.2,281.9,208.4,233.18316,251.122746,308.142294,186.549561,282.172808,172.139674,137.705044,440.464702
Iraq,913.6,846.2,511.6,664.1,426.9,527.3,683.5,1145.5,1173.526,639.7,0.2,0.4,4.1,0.8,0.2,2.8,82,106.5,19.6,10.9,46.4,31.6,315.6,856.1,1372.1,1493.8,1574.5,2122.9,1774.9,1646.1,2400.364843,2053.842278,2021.733722,2105.746032,1969.642941,1268.731431,1197.589695,1313.195634
Jordan,726.5,619.6,435.9,298.7,377.5,331.9,365.1,372.9,380.721,309,219.8,249.9,362.5,288.3,333.2,344.8,402.4,353,302.5,303.6,343.2,404.3,491.9,552.3,643.3,650,856.7,940.6,1193.5,1174.9,1449.688144,1766.366354,2084.046483,2050.38909,1367.916673,1494.813446,1962.920002,1606.494998
Kuwait,976.4,940.8,740.9,635.5,550.6,656.7,504.5,690.5,854.963,400.7,1228.2,1327,1008.9,1175.2,1416.3,1979.1,1394,1479.2,1069,811.4,905.7,1014.7,1509,1519.3,1974.3,2134.8,2485.3,2719.4,1951.8,2777.3,2749.651553,2681.906798,2597.574231,3648.59072,2750.626757,3296.077162,5166.500947,2984.171244
Lebanon,295.5,293.8,484.3,285.9,140.9,106.3,96.5,123.5,93.552,98.2,165.3,310.7,376.6,443.1,589.5,627.5,551.4,514.2,379.8,368.3,418.1,318,314.3,463,463.8,933.6,826.1,1463.1,1440.9,1839.6,1807.311627,1039.943,1034.282106,1268.529171,1256.339084,1134.639141,1248.540569,1317.309014
Libya,813.3,301,190.8,199.9,311.1,46.1,,,0.002,,0.1,,0.2,,,,,,,18,9,18.3,0.1,39,83.9,435.1,510.4,721.2,666,665.3,307.238676,549.022033,864.518039,531.855792,218.000522,188.880259,134.676582,244.117629
Mauritania,26.9,26.3,27.3,25.8,26.4,15.4,8.2,16.9,12.545,14.5,21.4,61,19.2,13.9,42.9,15.4,18.2,19.4,25.8,15.3,25.5,22.8,35,77.5,85.8,90.3,102.5,106.6,56.1,83.5,243.310966,291.59387,245.484751,149.239173,126.970019,116.311103,127.788411,88.167091
Morocco,429,396.6,439.6,526,279.1,486.5,382.8,425.9,398.016,497,402.6,493.2,602.2,405.4,522.1,476,437.9,553,524.5,529.6,285.9,565.5,465.1,523.3,527.6,875.7,1343.1,1518.7,1606.1,1947.3,2823.307066,2170.396557,2483.740957,2102.225551,1608.420526,1865.991355,2116.409773,2945.071867
Oman,180.6,172.6,174.9,168.3,160.4,159.6,173.1,129.7,169.59,162.9,203.2,257.6,251.8,219.1,219.5,215.3,342.1,302.6,197.8,200.4,306.1,356.6,323.1,329.8,593.2,853.8,1059.3,1415.5,1087.5,1101.3,1436.672881,1746.916573,1571.253845,2015.911666,2364.234785,1783.92404,2095.835851,2421.284675
Pakistan,491.8,699.8,812.3,1092.6,1041.7,830,733.2,1089.8,1135.591,1143,950.8,876.6,810.1,719.1,934.5,1277.1,1234.1,726.2,458.7,467.3,542.5,694,839.6,1810.8,1246.9,1989.5,2035.1,1993.1,1625.1,1899.6,1988.78584,1530.065196,1645.795477,1512.131876,1837.838668,2101.095422,2809.139413,2929.193935
Qatar,157.2,153.2,108.5,84.2,63.9,62.3,75.6,98.6,100.721,114.5,147.2,188.9,166.4,161.8,223.2,207.2,359.8,354.1,155.1,193.2,335.7,314.2,408.4,454.7,986,1331,2762,3077,2720.2,3163.9,2806.681719,3577.715161,4958.364444,5173.424396,4231.839316,4928.701214,3118.572355,4423.31597
Saudi Arabia,7327.3,9026,7903.4,5564.4,4474.3,3448.8,3373.6,3774.8,3575.968,4034.8,6572.2,7163.4,6665.7,6010.5,6085.1,7295.3,8451,10524.9,8286.9,6936.9,5970.4,4778.6,4595.9,5245.1,6829.7,7808.4,10399.4,12478,10803.7,11590.9,13923.66467,17961.23847,18960.15983,18704.9155,19690.17562,18022.55751,16260.51132,13624.38022
Somalia,58.8,46.6,45.9,76.2,57.4,58.1,43.3,30,20.854,11.5,7.2,20.9,30.5,30,8.1,4.2,2.9,2.5,2.8,4.7,6.6,6.1,7.1,9.2,8.9,20,20.8,64.6,4.1,1.3,6.081543,16.734553,15.959166,35.653738,45.799249,36.8712,72.425736,50.137865
Sudan,208.3,270.1,156.8,135.8,243.2,89.8,152,108.5,80.841,42.3,92.3,52.6,52.5,54.5,43.5,50.2,37.4,6.8,7.2,16.6,17.4,10.8,26.2,68.2,103.1,77,67,143.2,78.8,115.6,74.694129,55.49129,88.26845,77.177678,60.281016,58.741519,71.556438,95.070915
Syrian Arab Republic,142.8,137.8,112,104,106.5,59.3,93.4,88.4,91.518,150.5,206.5,168.3,185.8,198.5,223.4,226.3,180.6,161.3,169.7,211.1,226.4,274.1,214.1,211.4,157,224.3,361.5,408.7,303.8,511.3,230.164836,19.471324,21.642124,6.794271,3.362772,3.654144,7.032094,50.673806
Tunisia,222.2,213.5,216.2,433.6,256.2,162.7,119.3,184.9,159.999,178.5,171.1,232.4,232.3,327.1,214.9,189,251,196.8,282.5,287.5,278,195.1,170.5,258.1,260.8,362.8,403,502.7,502,571.3,597.007683,614.865677,870.178082,831.402374,559.746846,524.23531,551.252948,596.61144
United Arab Emirates,1076.9,1100.6,863.7,695.1,596.5,493.3,619,704.9,1239.602,998.2,1455.6,1552.4,1811.4,1592.8,1993.6,2526.8,2605.5,2369.7,2680.2,2280.7,2639.7,3598.3,3510.3,4063.7,8476.7,11921.2,11609.3,15748.9,12107.2,11638.4,15921.62942,22559.10872,24452.45495,22069.2724,22979.15405,22381.77239,20005.42796,19548.34059
West Bank and Gaza,,,,,,,,,,,,,,,0.1,0.2,0.5,4.3,8.5,5.8,2.2,0.1,0.3,0.2,3.8,2.3,17.8,0.2,0.6,2.4,1.193113,1.626674,1.072665,1.924112,1.087216,1.186798,2.053987,1.882025
Yemen Arab Rep.,43.9,38.3,107.6,69.8,42.3,79.5,116.4,79,70.951,,,,,,,,,,,,,,,,,,,,,,,,,,,,,
"Yemen, P.D. Rep.",5.6,8,7.3,62.1,9.1,21.3,14.6,7,7.715,,,,,,,,,,,,,,,,,,,,,,,,,,,,,
"Yemen, Republic of",,,,,,,,,,111.1,191.8,321.3,318.2,177.9,185.3,255.5,153.5,177.5,163.4,189.9,185.3,366,195.1,232.4,217.3,255.3,642.2,401.4,381,400.5,389.745032,469.466337,518.251949,368.877664,158.789526,170.681123,204.752933,195.097586
Middle East n.s.,,,,,,,,,4.598,,0.1,,,,,,,,,,,,,,,,,,,,,,,,,,,
Sub-Saharan Africa,6292.5,5098.6,4134.6,4195.8,3455.5,2672.6,2936.7,3574.2,3668.359,3988.1,4668.7,5243.9,4684.2,4334.5,5300.9,6073.9,6109.4,6644.2,5605.2,5838.6,6899.9,5928.2,6792.6,8375,10072.1,11883.3,14152.9,18153.7,14795.2,16744,20706.4945,22023.23121,23477.97808,25088.07617,17450.12645,13245.43113,13676.17649,15501.17936
Angola,268.3,158.5,90.8,103.1,136.9,83.1,94.4,101,97.637,149.7,188.2,157.5,168.6,203.5,259.9,268,280.8,354.3,253.1,219,276.1,372.5,491.9,594.3,928,1550.3,1280.2,2116.8,1422.9,1291.8,1503.222549,1490.579464,1443.438524,2039.125048,1163.507726,1275.762204,810.409198,526.550201
Benin,18.8,24.5,12.4,12.5,67.2,16.9,16.2,21,17.59,23.6,26.2,26.9,21.7,26,34.1,27.2,51.7,43.5,33.8,26.8,32.3,35.3,30.1,45.1,70.9,115.6,289.3,846.3,398.3,465.6,617.574838,572.964557,605.364254,780.951521,632.077892,232.274936,251.780177,255.593009
Botswana,6.5,5.1,4.1,18.5,16.1,20,28.8,41.3,30.089,19.1,30.8,46.6,24.7,22.7,35.7,28.9,43.1,35.6,34.6,32.7,43.4,31.7,26,53.9,67.3,26.8,53.8,62.1,93.3,47.2,44.273591,47.983957,82.090829,52.866146,39.04197,42.305484,93.062624,81.898126
Burkina Faso,22.2,13.5,14.3,20.9,27,9.8,10.3,15.4,10.769,14.7,23.6,13.2,17.6,7.2,14.6,10.5,18.3,16.2,12,15.7,4.4,18.6,10.9,22,25.1,17.9,33,24.6,26,46.7,33.26022,47.276772,77.598603,72.304388,54.435611,35.349355,58.97216,59.498247
Burundi,3.9,3.8,3.6,9.3,6.1,1.6,1.6,1.3,0.827,1,1.8,9.6,2.3,17.8,2.8,2.1,0.5,4.8,2.6,1.8,5.2,1.6,2.9,17.3,7.5,6.6,7,7.3,8.6,14.4,32.788844,19.939674,16.711425,5.59877,5.854037,8.405536,8.13276,14.585766
Cabo Verde,,,,,,,,4.1,3.163,5.9,4.3,4.1,18.6,4.6,7.1,67.8,9.9,9.6,7.4,6.9,7.5,9.6,9.2,50.9,9.7,13.5,5.7,12.4,6.5,9.9,11.46267,7.765222,9.134281,7.283602,7.30256,8.704993,9.154193,8.560372
Cameroon,152.2,85.4,93.5,65.8,68.6,47.7,47.1,30.2,35.821,46.5,45.8,57,45.9,53.5,45.8,70.7,122,75.1,37.6,60.7,184.1,155.8,90.8,99.6,117.2,120,133,125.1,153.7,132.4,220.567654,253.043417,335.737087,301.070473,220.875247,189.867274,159.70602,196.71753
Central African Rep.,0.6,1.2,1,0.5,1.2,1,1.5,3.2,5.604,1.4,1.1,0.9,5,4.1,6.3,3.6,3.7,4.7,3.5,2.3,3.7,6.5,7.4,30,14.8,25,19.7,23.5,31.6,10.4,12.335446,8.51584,4.10335,32.322366,33.924555,9.454798,11.185272,22.932802
Chad,0.7,1.8,12.6,17.4,25.2,6.8,9.3,32.5,35.17,8,13.7,5.3,7.8,7.3,10.5,3.4,3.2,3.7,2.6,9.4,137.1,127.4,64.4,40.2,53.7,60.3,71.1,62.6,62.7,88.3,35.450336,36.551674,41.460707,66.499541,56.532483,32.886921,31.513128,52.68178
Comoros,0.1,0.7,0.1,0.5,1.5,0.2,1.4,0.7,0.184,,,0.6,0.2,0.1,0.6,,0.3,0.6,0.1,0.8,1.4,0.1,0.6,0.6,0.3,,0.2,0.5,1.9,1.2,1.095278,0.954373,3.491014,3.452794,1.507078,1.348453,1.375097,2.777625
"Congo, Dem. Rep. of",141.3,90.5,83.1,82.3,104.6,104.5,103.6,124,121.856,138.4,61.7,32.8,35.2,39.6,76.9,73.3,38,33.9,21.2,10.2,18.6,28.2,30.6,66.7,64.4,70.7,112.9,130.4,79.9,93.5,165.92539,199.549248,169.806311,181.848831,136.375247,83.33675,74.804219,78.869512
"Congo, Republic of",24.9,68.9,15.9,12.1,19.2,9.2,9.3,20.4,12.081,89.7,43.1,59.8,27.3,37.9,54.8,62.4,75.3,92.2,49.4,77.3,90.3,52.3,78.7,65,103.9,138,140.1,184.5,277.1,254.6,227.293001,237.200621,222.397877,321.466589,248.520945,130.947297,116.740991,100.253911
Côte d'Ivoire,129.7,96.6,60.8,64.4,69.7,59.4,82.3,73.8,79.223,78.5,81.5,87.3,88.2,111.2,173.3,141.2,150.6,151.7,109.2,97.2,96.9,76.2,102.9,118,124,147.4,161.6,253.9,206.2,162.6,131.405294,188.087985,167.576533,239.079267,264.024893,286.135963,329.754363,311.393487
Equatorial Guinea,0.7,0.5,0.6,0.2,0.4,,,0.3,0.21,,12.1,10.9,3.3,1.9,5.4,16.8,47.1,86.7,225.6,92.5,80.3,108.7,336.4,215.3,249.1,551.6,236.4,184.4,306,271.8,285.39425,233.161535,756.139906,574.79479,158.536452,278.430156,111.842883,139.458254
Eritrea,,,,,,,,,,,,,0.9,8.4,16.3,13.9,16.2,25,6.4,16.7,21.8,28.8,87,54,31.1,8.8,6.1,14.8,6.7,2.5,4.308872,5.863859,13.476312,5.327596,3.497538,3.048377,5.021254,8.190789
"Eswatini, Kingdom of",7.3,1.8,3.7,0.5,1,0.7,5.9,4.7,1.558,7.9,4.4,3.6,2.5,5.4,3.2,2.2,5.1,8.2,12.9,8.9,12.1,11.5,8.2,12.3,11.9,12.1,29.1,12.1,14.6,22.1,20.075203,40.22686,22.681861,25.717762,28.628668,25.624248,24.07408,33.335483
Ethiopia,62.1,42.9,42.5,173.8,203,103.3,136.4,173.9,68.531,157,210.3,249.5,137.2,143,148,147.9,120.7,88.3,71.6,141.9,61.2,60.4,409.1,459.1,514.9,137.3,167.7,301.7,276,764.6,689.890633,1274.672068,688.507736,1668.97597,1554.718478,827.289072,873.497842,1310.886716
Gabon,127.9,110,63.5,34.6,91.2,25.5,52.4,56.9,46.348,48.9,84.8,54.7,48.2,40.1,54.3,56.1,83.7,62.4,48.9,64.6,74.5,65.4,63,93,98.2,135.2,477.6,283.9,170.8,242.8,205.15105,319.048462,307.983525,417.347429,203.933726,84.761799,89.291427,113.03038
"Gambia, The",3.3,5.6,5.7,14.5,11.3,13.8,11.8,16.4,10.268,,10.6,10.2,10,3.9,6.1,8.6,9.6,9.4,10.1,7.5,8.5,9.5,26.6,23.1,30.5,21.2,20,28.7,33.8,29.4,29.366112,27.458509,34.135359,41.538614,37.837725,40.16903,39.240269,41.419417
Ghana,153.6,116,118.7,45.9,53.4,83.9,114.5,117.1,122.725,138.5,141.9,123.6,214.4,124.6,157.1,295.3,314.3,223.5,238.9,185.9,199.9,192.6,209.3,306.4,337.6,289.6,415.9,608.7,634.3,982.7,1199.086566,1322.494666,982.392732,1186.24358,887.248657,830.493769,885.676246,793.031626
Guinea,53.1,27.8,22.2,33,50.9,24.3,35.5,34.8,39.957,42.9,88.7,60.5,59.5,49.7,66.6,86.9,83,65.5,56.4,68.8,78.3,62.9,35.6,58.6,124.9,64.8,73.7,101.8,94.7,85.2,256.160269,154.622237,79.46298,65.185635,134.525331,84.423235,102.690802,127.171851
Guinea-Bissau,,,,,,,10,1.9,1.851,1.2,1.5,1.3,1.6,1,0.8,6.9,2.6,1,0.9,0.6,0.8,2.4,1.2,1.2,2.2,5.7,6.8,2.1,1.6,4.3,11.838657,21.095196,6.643733,2.90428,2.20481,3.672255,3.753764,18.555456
Kenya,150.2,97.7,68.9,73.6,96.7,69.5,95,92.2,133.016,115.9,92,124.1,116.5,169.5,113.9,104.2,225.6,198.9,187.9,281.7,577.4,271.3,196.8,393.8,632.4,525.9,584.2,474.3,654.3,362.8,461.441784,568.583714,635.688855,1640.898833,936.761011,393.866451,455.497125,365.148185
Lesotho,8.8,6.3,7.1,11.8,6.8,8,6.9,4.4,4.049,2.8,3.4,3.2,3.8,3.1,1.8,2.6,2.4,1.3,0.6,0.6,0.7,2,4.9,5.5,3.8,3.8,7.4,1.3,16.6,11.3,13.181171,16.514237,0.571144,2.449565,0.881897,2.088229,1.901616,2.311991
Liberia,128.5,113.4,109.6,96.6,72.9,65.5,70,68,98.304,44.4,46,30.6,20.2,46.3,41.9,49.8,42.8,50.1,48,46.7,36.8,27.8,33.3,60.5,75,67.9,75.8,156.7,94.9,190.1,195.207824,241.089095,173.207342,184.437212,135.854729,176.478842,144.119156,217.105318
Madagascar,16.2,23.8,22.3,39,32.7,25.1,18.5,12.3,7.332,11.5,14.2,6.1,10.9,47.9,18,11.5,11.5,13.4,8.9,15.3,21,15.2,46.3,35.6,28.1,44.7,31.9,70.9,166,116,56.283902,64.275029,64.007569,46.800265,54.558745,42.236077,53.401804,112.844651
Malawi,5,3,3.4,3.1,4.5,2.5,5,12.3,14.103,13.7,54.7,13.7,15.8,18.9,17.9,13.4,17.7,14.5,8.6,13.1,14.8,30,16.7,21.6,27.9,45.7,51.6,45.2,40.3,37.1,56.973282,63.951198,54.498745,50.669581,36.006014,42.150311,28.214375,17.243215
Mali,4.8,7.8,9.7,15,30.2,17.3,10.1,19.9,10.66,9,18.5,11.4,32.6,19.1,23.2,18.4,26.2,25.3,30,34.6,32.6,11.1,31.2,43.1,32.3,43.3,31.9,30.9,36.8,37.3,55.077612,59.745089,49.893003,38.462373,72.231316,73.105301,61.990395,78.958947
Mauritius,18.3,15,8.6,8.8,11,10,26.1,149,12.402,11.9,15.4,20.7,17.9,23.7,24.6,25.3,31.4,23.4,38.9,24.2,29.1,27.4,32,28.5,31,35.7,49.9,51.4,69.9,40.1,46.369941,95.986858,42.05467,35.219286,58.4647,86.964145,63.308031,123.581929
Mozambique,35,26.4,19.9,22.4,55.8,23.4,50.1,54.9,40.854,50.3,101,149.7,37.1,39.4,49.3,21.9,45.9,45.7,36.3,62.1,28.6,98,62.5,76.2,62.2,64.8,114.9,213.4,190,225.1,459.242488,351.608971,303.016499,375.16357,264.560995,146.950907,179.941797,184.99253
Namibia,12.8,7.7,3,3.8,19.3,19.8,1.5,2,12.698,44.3,32.4,34.2,19.7,16.4,26.5,22.1,25.5,51.2,199.4,79.9,255.5,57.8,28,72.8,113.7,126.8,127.9,280.3,202.3,109.8,136.564152,184.614633,235.244409,342.741711,127.933328,212.919226,100.908898,202.648967
Niger,12.4,10.4,2.2,1.7,13.1,2.2,3.5,8.3,9.45,12.4,10.6,12.8,15.9,12.1,39.6,27,25.2,17.9,18.1,35.8,64,40.9,33.6,34.7,81,129.2,69.3,50.1,58.1,50.1,48.152287,37.367471,46.091405,58.515875,71.601903,66.306574,44.110894,61.713676
Nigeria,1522.6,1294.7,863.4,576.9,675.7,408.8,295.2,355.2,491.771,551.5,832.9,1000.9,891,509.2,602,816.2,814.2,819.7,644.5,717.6,957.3,1057.1,1029,1552.3,1615,2230.8,2786.7,4102.1,3658,4039.7,4904.789052,5029.335221,6388.832576,5967.788538,3410.33395,1875.381855,2155.075592,2668.385791
Rwanda,6.4,5.8,5.6,8.8,5.6,4.3,4.2,2.5,2.435,1.1,1.9,2.6,7.1,34.8,38.4,37.3,35,21.8,44.8,18,17.5,10.2,8,11.3,10.5,11.7,16.1,20.4,34,30.7,119.651782,30.489992,25.191269,21.219489,14.30333,74.623123,66.140569,25.328778
São Tomé & Príncipe,,,,,,,,10.7,3.819,13,4.4,2.6,2.5,12.9,1.8,0.2,13,9.3,0.3,0.9,10.7,1.9,1.5,3.6,10.1,3.7,8.5,3.5,4,1.4,6.123966,0.870234,1.99805,1.088495,0.853963,1.993522,3.140792,2.068258
Senegal,42.4,30.7,38.2,94.7,60.7,50.3,49.2,69.7,68.745,52.7,76.3,80.1,69.2,42.5,67.9,55.7,51.7,59.3,62.6,79.6,85,74.8,101.9,89.4,157.9,96.7,153,137.2,176,217.8,265.150828,149.125719,229.208066,172.583179,196.878588,181.984144,210.606444,298.592546
Seychelles,3.7,1,0.9,0.5,1.2,0.4,1.1,2.3,82.285,2.3,1.9,2.2,64.5,6.1,7.2,103.4,6.1,9.9,7.1,6.9,176.3,8.2,7.2,10.7,21.1,9.4,9.3,25.1,34,10.7,13.056829,14.968779,12.189931,12.687753,18.544445,12.430513,15.546341,14.292032
Sierra Leone,26.3,15.5,11.3,19.3,13.3,23.5,26.4,17.1,25.059,26.5,24.7,28.1,20.8,24.2,18,28.4,15.6,23.5,14.3,18.4,27.8,25.3,28.4,40.6,37.8,39.3,55.4,59.4,42.7,61,102.791973,100.735979,82.411287,87.913406,77.90808,63.185898,79.318158,71.469498
South Africa,2911.8,2368.3,2129.3,2265.3,1205,1158.4,1281.1,1690.8,1659.071,1732.4,2113.3,2425,2196.7,2172.7,2750.9,3106,2999.9,3626,2808.9,3099.6,2961.7,2525.2,2821.3,3172.2,3881.7,4461.8,5518.1,6494.8,4460.7,5626.7,7271.282389,7552.773511,7293.323156,6369.749033,5459.162194,4685.292176,5042.79643,5517.083252
"South Sudan, Rep. of",,,,,,,,,,,,,,,,,,,,,,,,,,,,,,,,30.9,23.3,19.098651,19.065474,9.827143,11.063743,23.493218
Tanzania,47.7,41.2,32.5,43.4,46.1,37.9,34.8,27.6,28.847,48.1,34.6,33.9,32.9,48.9,66.2,50.2,64.7,66.9,75.8,44.1,64,62.2,66.1,127.7,96.5,160.8,173.8,169.4,158.2,163.7,260.183381,245.389981,411.953494,302.170048,171.11855,159.595422,148.898676,335.234472
Togo,24.2,25.2,17.1,13.3,16.7,17.2,19.5,21.1,27.851,30.7,24,19.2,12.5,12.4,18.4,20,25.7,25.5,23,11.7,16.5,13.7,15.1,23.7,27.9,108.4,287.6,117.3,125,169.6,209.689039,370.550165,1007.523845,1024.663768,234.019162,243.359762,485.422172,563.595986
Uganda,6.8,8.5,4.1,3.2,4.7,4.2,18.6,15.8,23.062,26,13.3,15.3,20.8,27.8,22,17.1,35.4,29.8,25.9,26.6,32.5,22.9,42.8,63.9,62.5,53.4,80.4,88.3,119,94.4,94.038056,100.125293,122.740389,78.262341,89.583088,69.006316,107.780806,87.353491
Zambia,68.3,68.9,34.5,90.4,59.6,34.7,47.7,25.9,50.268,80,23.5,68.2,42.1,32.6,48.9,45.6,29.6,21.7,20.5,19.2,15.9,35.7,19.4,26.3,29,51.7,69.5,78.6,58.7,56.6,129.784635,146.78883,141.148845,114.121914,84.169409,81.181163,83.890025,195.378641
Zimbabwe,32.5,38,60.8,63.7,45.8,53.5,75.5,34.2,120.8,134.7,53.3,143.4,86.1,92.9,122,91.3,81.9,93.1,61.7,53.3,31.5,49.4,41.8,47.3,44.9,47.7,105.2,93,85.4,67.4,61.598378,53.478276,60.525718,48.699474,36.467349,28.972657,40.308153,33.982505
Africa n.s.,30.6,34.2,33.1,30.7,23.6,24.4,24.4,3.1,0.016,,0.3,,6.9,7.6,0.3,12.6,2.7,0.1,0.3,0.5,4.3,2.1,2,7.1,2.6,1.7,3.6,1.9,3.1,0.6,1.933021,4.906736,3.022873,0.766814,3.7526,0.839467,1.11573,0.979144
Western Hemisphere,42085,33581,25646.2,29610.9,30906,31045.9,34850.6,43235.2,48727.671,53601.8,63201,75567.9,78067.5,92309.9,95791.5,109014.9,133824.1,142117.1,141634.6,167525.3,159693.9,148717.2,149012.7,171508.3,191730.2,222704.5,243262.8,288009.9,237823.2,300778.7,366117.8398,397528.2359,408434.2189,422982.7585,388218.7719,366354.7334,391945.8115,427727.3582
Anguilla,,,,,,,,,,,,,,,,,,,,,,,,,,,,,,,,,,,,11.64,47.025174,115.365671
Antigua and Barbuda,,,,,,,,67.7,73.296,69.1,74.7,68.2,72.9,58.7,97.1,81.7,85.1,95.7,95,136.5,96.1,81.6,127.3,125.1,189.9,194.2,240.4,182.7,157,158.3,154.792008,204.627966,145.155335,216.605245,670.371842,262.002289,425.315395,508.599343
Argentina,2191.7,1293.7,964.6,900.1,721.3,943.3,1090.4,1053.9,1036.741,1179,2049,3221.7,3771.6,4466.2,4189.5,4515.7,5808,5885.3,5148.1,4679,3928.3,1590.9,2435.4,3386,4099.7,4772.7,5854.4,7537.8,5559.8,7409.9,9898.793593,10258.0636,10348.30978,10825.71504,9335.731972,8569.459098,9512.956781,9919.882731
Aruba,,,,,,,,,126.707,202.2,234.4,288.1,265.6,274.1,247.4,225.6,238.8,351.2,300.6,289.1,278.7,464.7,355.1,374.4,547,511.3,528.5,680.4,446.1,537.4,713.268343,710.275291,1100.073279,1357.858845,1154.792095,777.453192,979.88373,599.451851
"Bahamas, The",441,589.7,451.7,555,786.3,761.3,781.9,739.9,773.299,800.8,721,712.5,704.1,685.5,660.5,725,809.7,815,845,1052.7,1021.9,975.1,1084.3,1182.1,1768.9,2288.1,2473.1,2760.3,2455.3,3223.7,3441.98341,3479.07667,3450.364087,3324.42371,2388.835701,2179.781675,3018.867924,3091.804973
Barbados,148.7,154.6,195,241.5,172.7,147.1,132.4,159.4,179.323,161.9,175.7,127.8,145.5,161,201.3,362.2,281,281.3,300.1,309,286.4,268.5,301.7,347.6,393,443.1,456.6,498,404.5,397.9,439.876711,458.56757,452.155877,539.917095,591.573499,482.512059,519.59529,589.816261
Belize,69.2,64.5,36.2,53.3,56.3,59.1,71.7,103,101.06,105.8,114.3,116.7,135.4,115.1,100.2,106.7,114.7,120,136.8,199.1,172.8,137.3,199.5,151.6,216.8,238.8,234.2,353.1,252.8,289.6,355.682393,265.606023,241.172518,236.70311,284.503569,267.196036,294.892064,403.05646
Bermuda,149.7,171.8,185,224.6,257.8,236.3,260.8,286,354.079,254.7,232.3,242.3,264.9,299.9,298.5,281.8,338,400.4,342,421.8,371.3,415.1,401.3,471.9,489.2,637.7,660,821.7,807.3,636.9,611.441769,622.432927,537.379222,646.418654,600.887345,638.838708,692.107589,609.249859
Bolivia,189.1,99.2,102.1,105.5,119.6,111.6,140.1,148.2,144.258,138.4,189.8,221.9,216,185.8,213.2,269.2,295.4,402.8,324.7,255.4,217.3,192.1,181.7,193.5,218.3,215.4,277.7,388.9,431.8,507.4,667.847026,763.010279,1050.758212,1009.967972,910.013003,656.743528,594.695517,577.834228
Brazil,3798.2,3422.8,2557.1,2639.6,3139.6,3885.4,4039.9,4270.5,4799.433,5061.9,6154.1,5740.1,6054.4,8118.5,11443.6,12699.2,15912.4,15157,13413.5,15182.8,15928.4,12408.7,11218.2,13863.2,15345.6,19227.4,24628.4,32910.1,26175.1,35357.4,43018.83899,43771.27824,44092.97653,42429.39319,31665.65544,30297.08101,37076.91517,39494.17673
Chile,1465.2,924.6,728.5,805.3,682.2,823.5,796.2,1063.1,1410.751,1672.3,1839.7,2455.1,2605.3,2776,3613.2,4131.5,4375,3985.1,3134.9,3381.8,3130.9,2612,2719.3,3624.6,5197.7,6790.2,8310.8,12093.3,9365.4,10871.6,15993.031,18773.14051,17517.72708,16514.5551,15587.0756,12940.92732,13608.3505,15340.12035
Colombia,1770.6,1902.9,1513.7,1450,1467.7,1318.6,1411.5,1753.1,1915.881,2038.2,1946.7,3282,3228.9,4070.3,4628.2,4708.8,5198.5,4816.7,3730.3,3646.8,3605.7,3588.7,3754.7,4504.2,5414.9,6708.2,8559.7,11438.8,9457.6,12044,14335.69204,16356.80273,18369.30151,20106.60818,16503.12607,13099.48262,13272.38456,14996.14239
Costa Rica,373.4,329.8,382.3,422.7,421.7,483.2,581.8,691.5,880.453,991.5,1033.8,1347.8,1547.3,1866.6,1739,1813.6,2023.5,2299.2,2375.9,2427.5,2496.2,3131.6,3414.2,3303.7,3595.6,4132.3,4580.6,5681.8,4704.5,5185.4,6099.250515,7236.638312,7223.399974,6964.08568,6149.869272,5897.426016,6232.58223,6345.521489
Curacao,,,,,,,,,,,,,,,,,,,,,,,,,,,,,,,,,,,,127.89,521.788315,851.39414
Dominica,,,,,,,,3.1,33.161,30.7,42.5,33.6,27.4,25.6,24.7,34.1,37.5,52.2,39.5,37,30.7,45,34.4,35.9,61.3,68,83.7,105.4,76.7,72.9,73.675432,78.934015,77.687644,64.186171,67.268631,51.110367,245.946122,518.17107
Dominican Republic,772.1,664.4,631.9,645.6,742,920.7,1142.3,1361.4,1646.368,1658.3,1742.7,2098.1,2349.6,2799.5,3016.7,3183.3,3928.2,3977.3,4077.1,4422.8,4435.6,4261.5,4213.6,4342.8,4708.4,5347.9,6090.9,6599.1,5269.8,6554.6,7325.686377,6967.401065,7155.574737,7922.143799,7134.174144,7785.81284,7793.331549,8561.209325
Ecuador,853.5,827.9,597.4,654.7,591.1,600.7,620.7,680.8,640.978,680.1,947.6,998.9,1098.1,1195.9,1538.4,1257.3,1522.7,1686.6,991.6,1013.2,1420.4,1606.8,1448.4,1666,1979.5,2727.5,2936.9,3450.2,3926.9,5447.5,6078.061107,6692.731994,7665.618521,8164.391152,5891.501145,4152.81629,4778.00921,5760.421871
El Salvador,308.1,291.7,364.8,426.4,445.5,518,389.9,483,520.897,555.8,533.9,741,868.9,931.9,1110.6,1072,1398.1,1515,1521,1763,1771,1664.8,1823.9,1867.8,1846.3,2156.5,2313.1,2463.9,2019.5,2439.6,3371.56016,3095.701213,3274.080694,3304.441686,3258.254502,2962.553676,3050.761624,3415.949971
Falkland Islands,,,,,,,,,0.588,,,0.2,,,0.3,0.1,0.1,3.3,,0.1,0.4,0.4,1,0.4,9.1,1.5,1,0.8,2.4,2.8,3.957498,4.347073,1.241492,7.8456,2.917708,1.488582,0.482089,0.214959
Greenland,1.2,3.4,1.1,1.9,6.3,1.8,3.4,3.7,4.388,6.2,3.7,3.5,2.7,3.2,2.3,3.9,4.9,6.1,2.9,1.4,4.7,4,3.2,3.6,5.1,3,4.5,34.7,7,8.6,7.302165,15.85679,19.148034,12.713909,9.482605,4.062272,9.884715,6.724612
Grenada,,,,,,,,25.4,27.917,34.6,31.5,23.9,23.9,23.6,27,35.6,40.5,56.3,64.7,79.6,59.9,56.6,68.3,69.8,82.4,75.6,83.2,84.5,59.3,71.1,81.834405,72.112543,95.265322,83.966315,90.101417,86.791325,102.746634,119.037835
Guatemala,558.9,389.9,315.7,376.5,404.6,399.7,480.3,591.4,661.786,759,950.6,1207.5,1310.2,1354.5,1651.7,1564.3,1727.7,1940.9,1812.9,1879.7,1877,2041.7,2273.6,2548.3,2812.9,3518.2,4076.1,4720.9,3900.8,4449.3,6151.169676,5748.945279,5552.507013,5963.675794,5863.821174,5899.879289,6976.486458,6648.946577
Guyana,105.8,50.2,36,50.7,43.5,47.2,60,67.8,78.249,76,85.9,118,122.6,109.7,141.2,136.7,142.6,145.6,147.4,159.1,141.1,128.3,117.2,135.6,175.3,179.3,188,288.6,260.6,291,363.441299,359.57107,318.387539,369.9605,367.397991,445.061017,371.422404,540.844912
Haiti,300.6,298.6,365.9,419.3,395.9,387.3,458.9,477.6,473.653,477.6,392.1,216.6,221.3,210.5,550.8,473.5,499.8,547.8,608.1,571.5,550.1,582.4,639.9,662.9,688.1,809.3,710.7,944.5,791.6,1217.4,1058.948781,1050.229529,1226.729906,1276.652231,1143.954904,1102.514373,1383.292577,1390.910871
Honduras,349.3,274.6,298.6,321.9,307.9,363.3,417.7,478.9,514.748,562.9,626.6,808.3,897.7,1011.7,1280.6,1640.9,2013.5,2322.7,2338.3,2597.9,2436.9,2564.6,2844.9,3076.5,3243.9,3693.4,4462.2,4845.5,3384.2,4608.3,6166.370382,5714.670349,5373.024605,5960.550932,5238.379598,4845.741299,5082.60824,5600.199225
Jamaica,479.1,467.8,452,494.8,404.3,457.1,601.5,755,1009.467,943.8,962.7,938.3,1112.8,1066.4,1420.8,1490.8,1417.4,1303.7,1304.6,1359.8,1407.4,1419.9,1469.4,1431.4,1687.3,2034.8,2318,2644.3,1448.2,1653.6,1934.143237,1989.288661,1979.636553,2181.995355,1705.906097,1651.480266,2092.033752,2720.875956
Mexico,17788.8,11817,9081.7,11992.2,13634.7,12391.7,14582.3,20472.5,24968.943,28375.3,33275.6,40597.5,41635.4,50840.2,46311.5,56760.8,71378.3,79010.1,86382.7,108751.3,101509.2,97530.5,97457.3,110775.2,120049,134167.2,136541.3,151538.6,128997.8,163320.6,198288.7373,215875.1159,226070.2579,240248.6628,236377.3705,230959.099,242988.6626,265010.3573
Montserrat,,,,,,,,,,,,,,,,,,,,,,,,,,,,,,,,,,,,2.09,7.87289,17.693147
Netherlands Antilles,498.7,659.5,553.2,648.3,427.5,397.9,509,455.3,412.328,541.6,629,475.9,522.8,519.9,504.4,527.8,477.2,742.3,600.1,688.4,817.6,742.2,747.1,872.9,1134.9,1485.2,2082.2,2951.5,2130.8,2916,2068.972304,1394.382978,1520.906185,1393.891762,1234.697483,1271.028718,,
Nicaragua,184.1,118.6,131.9,111.5,42,2.9,3.4,6.3,1.883,68,146.8,187.8,149.7,185.4,250.1,262.5,289.1,336.8,369,377.7,443.1,437.6,502.8,591.7,619.9,755.2,890.3,1093,715.1,979.8,1058.585304,1128.213231,1059.654311,1008.621497,1256.505701,1474.674905,1583.171199,1603.222944
Panama,844.1,844.6,747.9,757.3,674.8,711.5,742.4,630.7,728.777,866.7,981.3,1100.3,1190.8,1276.3,1390.9,1377.7,1537.8,1752.9,1726,1613.4,1333,1407.6,1848.2,1820,2168.8,2706.8,3739.7,4913.5,4357.9,6068.7,8251.646494,9828.759247,10564.51961,10467.34403,7836.324114,6144.07677,6447.136148,6884.89265
Paraguay,108.4,77.8,36.7,63.5,98.9,171,183.2,193.7,166.702,307,375,414.8,521,793.5,992.7,897.4,913.2,785.7,532.8,449.9,396.4,433.2,488.8,621.5,895.6,910.8,1236.8,1610.2,1352.5,1811.3,1977.345845,1743.208491,1932.851655,2115.641101,1503.480123,1979.902953,2759.858019,2378.90909
Peru,1485.9,1116.9,899.5,751.1,495.9,692.8,814.1,792.6,689.603,778,840.3,1002.1,1069.4,1407.5,1775,1766.8,1959.9,2056.2,1704.4,1676.1,1566.8,1556.5,1706.8,2095.4,2289.2,2927.2,4119.4,6184.1,4925.3,6749.1,8341.864469,9348.621449,10119.12389,10053.61041,8811.444595,8029.209189,8685.704272,9633.776499
Sint Maarten,,,,,,,,,,,,,,,,,,,,,,,,,,,,,,,,,,,,,365.024258,673.529728
St. Kitts and Nevis,,,,,,,238.2,43.5,60.5,52,46.4,42.1,55.9,57.6,58.3,52,55.9,61.5,69.4,82.5,66.1,69.5,80.6,81.5,126.2,170.3,203.1,204.9,161,167,147.03418,133.559418,173.996542,247.752555,197.345602,177.637057,243.648866,210.00543
St. Lucia,,,,,,,,70.5,76.153,82.4,88.4,82.3,98.8,80.6,80.8,84.4,89.3,92.5,99.2,103.9,88.5,97.9,121.1,103.4,134.6,151.6,165.5,241,136,401.7,315.651418,376.957631,594.311705,693.801833,495.512307,402.767727,554.278782,572.946288
St. Vincent & Grens.,,,,,,,,36.3,40.68,35,43.4,34.9,37.8,38.1,42.2,45.1,54.3,288.6,101.9,43.6,39.6,40.4,46.5,45.3,45.4,58.2,69,82.8,77.4,85.8,80.602721,98.707927,93.190431,103.564549,84.823346,94.956466,81.284429,82.343295
Suriname,138.3,128.4,116.6,99.9,85.5,84.2,72.1,93.3,138.459,156.9,134.6,138.9,117.8,121.8,189.7,222.5,183.1,172.9,149.7,131.2,158.4,124.8,192.6,178.4,243.5,258.1,306,406.3,381.5,361.7,433.918837,499.266829,449.804755,518.648209,444.143025,302.870862,359.412575,388.053338
Trinidad and Tobago,688.2,894,727.5,600.7,503.7,531.8,361.2,324.9,561.977,429.6,468.9,447.3,529.1,540.8,689.3,665.1,1105.9,982.8,809.9,1103.9,1089.6,1018,1064.2,1207.1,1439.1,1614.8,1779.4,2251.2,1989.2,1925.5,2185.137885,2477.825749,2404.16493,2411.034229,2511.613824,2344.124985,1814.624957,2109.595221
Uruguay,163,190.2,85.7,79.9,64.3,99.8,91.5,99.5,133.185,145.4,216.5,231,253.1,310.8,395.8,484.2,547.5,591.4,495.1,524.7,413.9,209.5,326.8,324.4,355.4,482.3,640.5,893.4,744.4,973.4,1258.319413,1359.47687,1754.688178,1605.794098,1301.908712,1137.974715,1578.49847,1445.47856
"Venezuela, Rep. Bol.",5445,5206.3,2811.4,3377.1,3399.4,3141,3586,4600.5,3035.699,3107.3,4668.2,5438.1,4599.1,4041.8,4641.2,4740.5,6607.5,6519.7,5534.7,5599.4,5684.3,4446.6,2839.6,4781.7,6408.3,9011.6,10199.5,12611.2,9359.6,10660.8,12383.42625,17516.96826,13201.2091,11137.70686,8317.1981,5255.052995,4169.374093,5861.118214
Western Hem. n.s.,415.1,305.6,274.5,340,313,356.1,185.8,151.2,305.301,195.8,201.3,362.8,239.7,285.4,272.8,314.6,412,556.5,4.7,512.7,418.2,360.6,459.8,640.9,1044.1,1230.8,1217.4,1498.9,1130.5,921.1,979.949077,1057.862301,1227.864288,1491.909281,1230.809161,1581.521953,1622.894275,2129.512809
Other Countries n.i.e,296,223.8,139.5,138,73.5,49.2,55.2,112.6,96.848,1.4,1.3,1.8,4.4,4.6,10.8,6,11.7,7.9,16.3,5.7,7.3,169.6,268.9,424.1,367.4,347.7,448.7,770.2,534.2,372.4,372.722313,476.410639,366.192458,323.092698,185.085652,247.37038,283.183823,275.882297
Cuba,0.5,0.9,0.6,1,1,1.4,1.3,3.4,2.898,1.4,1.3,1.3,2.4,4.4,5.8,5.5,9.2,3.5,5,3.1,6.8,144.5,261,400.4,361.7,347.7,447,718,533.4,370.5,363.316479,464.458419,359.609641,299.064037,180.333931,247.231046,283.181163,275.877982
Eastern Germany,295.5,222.8,138.9,137,72.5,47.8,53.9,109.1,93.935,,,,,,,,,,,,,,,,,,,,,,,,,,,,,
North Korea,,0.1,,,,,,0.1,0.015,,,0.5,2,0.2,5,0.5,2.5,4.4,11.3,2.6,0.5,25.1,7.9,23.7,5.7,,1.7,52.2,0.8,1.9,9.405834,11.95222,6.582817,24.028661,4.751721,0.139334,0.00266,0.004315
Countries & Areas n.s.,981.3,505.2,288.3,369.4,364.8,100,84.5,309.9,404.767,910.8,427.5,291.1,343.8,252.8,566.4,628.7,342.7,412.7,379.9,307.7,262,264,185.8,223.3,221.6,124.4,428.2,183,233.7,375.9,225.387686,175.000278,179.871109,0.101833,,1.73,,
Special Categories,,,,,,,,,,,,,,,,,0.4,,,,,,,,,,,,,,,,,,,,,
Memorandum Items,,,,,,,,,,,,,,,,,,,,,,,,,,,,,,,,,,,,,,
Africa,7962.2,6968.2,5621.2,5921.7,4752.5,3943.7,4072.5,5072.8,5102.221,5686.9,6100.7,6791.1,6529.1,6363.2,6917.1,7448.4,7559.1,8092.8,6935.8,7582.1,8579,7769,8018.3,10326.7,12267.1,14458.7,17800.9,21873.6,18348,20781.6,26177.04652,26623.41819,29171.49667,30992.54403,21861.47313,18219.83092,17828.43525,20612.44771
Middle East,15415.6,16854.9,14779.7,11843.4,9763.5,8202.5,8584.5,9894.4,10921.736,10113.7,14139.1,15863.7,15183.4,13883.9,14746.1,17071,18769.5,19701.8,16820.1,15347.8,15607.5,14787.2,15146.1,17457.3,25416.4,32723,39188.7,49040.5,40638.9,44806.5,51099.82534,61352.9803,65586.75414,65665.1228,63295.69763,59256.35366,56432.90954,55263.77663
European Union,61579.2,55732.3,51599.8,53561,52513.5,56544.8,64035.4,80553.2,92652.62,104679.5,109654.8,109327,105075,110217.27,126393,130596.9,145070.1,153298.6,155313.2,168290.5,163171.3,147445,155159.3,173684,187566,215136.2,248034.8,275757.1,221517.2,240900.8,270591.7532,266814.6176,264229.4261,277300.1609,274073.0095,271827.4169,284133.9465,319654.0573
Export earnings: fuel,26177,27073.7,20388.5,19221.6,16749.6,13862.8,14397.9,18620.3,19816.453,18723.3,24690.2,28002.7,26859.1,25386,27477.9,30357.6,34428.9,36048.6,28591,27596.2,28823.1,27711.4,26114.6,32801.3,45557.2,58620.9,70808.3,89250.7,71230.9,79536.8,95538.62684,117896.8676,124490.7939,124435.7301,105470.9391,92614.59012,86541.04926,89417.9518
Export earnings: nonfuel,207719.4,185367.6,180204.1,198776.6,196472,203563.3,238454.9,300488.7,343729.802,374019.7,396897.4,419212.3,438679.6,486821.07,555543.1,592304.2,653281.8,644473.6,662201.5,744550.6,702202.9,665543.4,697677.5,783744.9,858751.1,978365.3,1091886.6,1210870.7,985682.1,1197954.1,1386944.935,1427905.576,1453940.082,1496048.133,1399100.788,1361084.106,1459063.958,1574819.845
